"kv12","101111ha006.jpg","A II 1405","HISTORIA; 1300-luku; Ruotsi; KIRJALLINEN AIHE; Topelius; Yhdeksän hopearahaa; KOHTAUS; kuningatar; Blanka Namurilainen; Mauno Liehakon puoliso; prinssi; Haakon; äiti ja lapsi; laulaminen; INTERIÖÖRI; linna;  karhuntalja; lipas; käsityö; kaappi","öljy kankaalle","öljy, kangas","97","76","","",""
"kv24","a0027600.jpg","A I 212","Aihe Kaarle herttuan ja Sigismundin välisestä sodasta 1597, jolloin Ebba Stenbock puolisonsa Klaus Flemingin kuoleman jälkeen oli luovuttanut Turun linnan herttualle, joka vihoissaan antoi avata Flemingin ruumisarkun ja tarttui kuollutta vastustajaansa partaan. ; HISTORIA; Ruotsi-Suomen historia; 1597; KOHTAUS; sargofagi; ruumis; Klaus Fleming; Kaarle herttua; herjaaminen; naiset; Ebba Stenbock, Flemingin leski; Sigrid Stålarm; linnanpalvelija; sotilaat; interiööri; Turun linna; vaakunakilpi; suruharso; krusifiksi","öljy kankaalle","öljy, kangas","157","202","","","159"
"kv25","a0027700.jpg","A I 213","MUOTOKUVA; nainen; vanhus; Tajta; palvelija; puolivartalo; pärekori; maisema; ruohikko; tupa; metsä; syyskesä","öljy kankaalle","öljy, kangas","83","61","","Finlands Nationalgalleri","372"
"kv29","a0028800.jpg","A I 217","KOHTAUS; kansankuvaus; naiset; vanhukset; väkijoukko; keskustelu; kansanpuvut; nyytti; kirkonmäki; kirkon kivijalka; Ruokolahti; Karjala; sunnuntai","öljy kankaalle","öljy, kangas","130","159","","Finlands Nationalgalleri","528"
"kv31","a0126700.jpg","A I 536","HENKILÖKUVA ; nainen ; Virginie ; polvikuva ; lepäävä ; kirja ; sohva ; silkkiverho ; tyyny ; huonekasvi","öljy kankaalle","öljy, kangas","81","100","","","89"
"kv32","a0126800.jpg","A I 537","HENKILÖKUVA; nainen; Thérèse Lainville; pariisitar; kokovartalo; sateenvarjo; interiööri; ateljee; sohva; tyyny; verho; Pariisi; naamio","öljy kankaalle","öljy, kangas","55","43","","Finlands Nationalgalleri","448"
"kv35","a0155000.jpg","A I 754:104","","tussilaveeraus. valkoiset korosteet","tussi ja valkoinen peiteväri, paperi","","","","",""
"kv36","a0155100.jpg","A I 754:105","","tussilaveeraus, valkoiset korosteet","tussi ja valkoinen peiteväri, paperi","","","","",""
"kv37","a0155400.jpg","A I 754:108","KIRJALLINEN AIHE; Runeberg; Vänrikki Stoolin tarinat; Porilaisten marssi; KOHTAUS; marssi; rumpalit; rummut; sotilaat, poltettu kylä","hiili, vesiväri ja guassi","hiili, vesiväri, guassi, paperi","","","","",""
"kv38","a0157000.jpg","A I 754:122","","","tussi ja valkoinen peiteväri, paperi","","","","",""
"kv39","a0164000.jpg","A I 754:185","","tussi ja valkoinen peiteväri","tussi, valkoinen peiteväri, paperi","","","","",""
"kv40","a0164600.jpg","A I 754:190","KIRJALLINEN AIHE; Runeberg; Vänrikki Stoolin tarinat; Kuormarenki-runo; KOHTAUS; kuormasto; hevoset; marssi; Spelt; kuorman päällä makaaminen; MAISEMA; tie; metsä; talvi","laveeraus (tekniikka), tussilaveeraus, valkoinen peiteväri","tussi, valkoinen peiteväri, paperi","","","","",""
"kv42","a0172300.jpg","A I 754:44","","","tussi, paperi","","","","",""
"kv43","a0174200.jpg","A I 754:10","","tussilaveeraus, valkoinen peiteväri","tussi ja valkoinen peiteväri, paperi","","","","",""
"kv44","a0174500.jpg","A I 754:63","","","tussi ja valkoinen peiteväri, paperi","","","","",""
"kv46","a0178001.jpg","A I 754:95","","vesiväri paperille","vesiväri, paperi","","","","",""
"kv47","a0178100.jpg","A I 754:96","","hiili paperille","hiili, paperi","","","","",""
"kv48","a0186400.jpg","A II 1048","FIGUURI; nainen; malli; polvikuva; alaston; lanneverho","öljy kankaalle","öljy, kangas","80","65","","","98"
"kv50","a0208900.jpg","A II 1303","KOHTAUS; jumalanpalvelus","lyijykynä","lyijykynä, paperi","23","26","","Finlands Nationalgalleri",""
"kv51","a0209300.jpg","A II 1307","MUOTOKUVA; nainen; vanhus; tuntematon; talonpoikaisnainen; istuva; polvikuva; kädet ristissä","tussi ja valkoinen peiteväri pahville","tussi, valkoinen peiteväri, pahvi","54","40","","Finlands Nationalgalleri",""
"kv54","a0210700.jpg","A II 1324","FIGUURI ; lapsi ; poika ; kokovartalo ; selin ; avojaloin","mustaliitu","mustaliitu, paperi","47","31","","Finlands Nationalgalleri",""
"kv55","a0214300.jpg","A II 1405","HISTORIA; 1300-luku; Ruotsi; KIRJALLINEN AIHE; Topelius; Yhdeksän hopearahaa; KOHTAUS; kuningatar; Blanka Namurilainen; Mauno Liehakon puoliso; prinssi; Haakon; äiti ja lapsi; laulaminen; INTERIÖÖRI; linna;  karhuntalja; lipas; käsityö; kaappi","öljy kankaalle","öljy, kangas","97","76","","","145"
"kv56","a0214301.jpg","A II 1405","HISTORIA; 1300-luku; Ruotsi; KIRJALLINEN AIHE; Topelius; Yhdeksän hopearahaa; KOHTAUS; kuningatar; Blanka Namurilainen; Mauno Liehakon puoliso; prinssi; Haakon; äiti ja lapsi; laulaminen; INTERIÖÖRI; linna;  karhuntalja; lipas; käsityö; kaappi","öljy kankaalle","öljy, kangas","97","76","","",""
"kv60","a0222600.jpg","A II 1506","MUOTOKUVA; mies; Louis Pasteur; kemisti; biologi; ranskalainen; polvikuva; INTERIÖÖRI; laboratorio; Pasteur-instituutti; Pariisi; mikrobipullo","öljy kankaalle","öljy, kangas","61","51","","Finlands Nationalgalleri","427"
"kv63","a0223500.jpg","A II 1515","KOHTAUS  ;lapset ; pojat ; selin ; leikki ; ranta ; vesi ; Haikko","öljy kankaalle","öljy, kangas","40","33","","Finlands Nationalgalleri",""
"kv64","a0248900.jpg","A II 1707","henkilökuva ; malli ; nainen ; pariisitar ; puolivartalo ; kukka ; tulppaani ; maljakko; sermi","pastelli paperille, kiinnitetty kankaalle","pastelli, paperi","67","54","","Finlands Nationalgalleri","423"
"kv66","a0260800.jpg","A II 819","KOHTAUS; kansankuvaus; hautajaiset; soutuvene; ruumisarkku; naiset; miehet; tyttö; kukkakimppu; Haikon selkä; saaristo; syyskesä ; Uusimaa","öljy kankaalle","öljy, kangas","120","","","Finlands Nationalgalleri","242"
"kv67","a0261300.jpg","A II 835","KOHTAUS ; imettäjät ; lapset ; lastenhoito ; puisto ; hiekkakenttä ; leikkiminen ; Luxenbourgin puisto ; Luxembourgin palatsi ; Pariisi ; Ranska ; kevät","öljy kankaalle","öljy, kangas","142","187","","Finlands Nationalgalleri","458"
"kv71","a0305200.jpg","A III 1755","LAATUKUVA; ranta; Haikon lahti; rantakivet; lapset; pojat; leikki; kaarnalaiva; laivat; kesä, Uusimaa","öljy kankaalle","öljy, kangas","90","108","","Finlands Nationalgalleri","414"
"kv72","a0305201.jpg","A III 1755","LAATUKUVA; ranta; Haikon lahti; rantakivet; lapset; pojat; leikki; kaarnalaiva; laivat; kesä, Uusimaa","öljy kankaalle","öljy, kangas","90","108","","Finlands Nationalgalleri",""
"kv73","a0305500.jpg","A III 1761","MUOTOKUVA; nainen; Anna Sinebrychoff; kauppaneuvoksetar; polvikuva; istuva; silkkipuku; pitsimyssy; koruommel; ompelukehys; käsityö; lankavyyhti; INTERIÖÖRI; huonekasvit; palmut","öljy kankaalle","öljy, kangas","129","105","","Finlands Nationalgalleri","434"
"kv74","a0306800.jpg","A III 1798","nainen ; kukkaistyttö ; puolivartalo ; pöytä ; kukka","pastelli, kiinnitetty kankaalle","pastelli, paperi","82","60","","Finlands Nationalgalleri",""
"kv75","a0307400.jpg","A III 1850","MUOTOKUVA; poika; Alexandre Weissgerber de Stragéwicz; ranskalainen; polvikuva; istuva; pöytä; kirjat","öljy kankaalle","öljy, kangas","","","","Finlands Nationalgalleri","494"
"kv80","a0310900.jpg","A III 1953","MUOTOKUVA ; lapsi ; tyttö ; Berta Edelfelt ; 15-vuotias ;  taiteilijan sisar ; rintakuva ; pitsikaulus ; lierihattu ; parvekkeen kaide ; kallio ; lehtimetsä","öljy kankaalle","öljy, kangas","60","45","","Finlands Nationalgalleri","429"
"kv81","a0311000.jpg","A III 1954","MUOTOKUVA ; tyttö ; Ellen Edelfelt ; taiteilijan sisar ; polvikuva ; istuva ; kasvit ; peikonlehti","öljy kankaalle","öljy, kangas","57","45","","","126"
"kv83","a0311400.jpg","A III 1958","MUOTOKUVA; nainen; vanhus; Fredrika Snygg; Tajta; palvelija; rintakuva; silkkihuivi","öljy kankaalle","öljy, kangas","58","45","","Finlands Nationalgalleri","8"
"kv84","a0311900.jpg","A III 1963","FIGUURI; nainen; talonpoikaisnainen; rintakuva; harava; hartiahuivi","öljy puulle","öljy, puu","40","31","","Finlands Nationalgalleri","505"
"kv87","a0313200.jpg","A III 1976","KOHTAUS; naiset; kahvinjuonti; pöytä; kattaus; käsityö; INTERIÖÖRI; ikkunaverhot","öljy kankaalle","öljy, kangas","48","40","","Finlands Nationalgalleri",""
"kv88","a0313700.jpg","A III 1981","HISTORIA; Suomen sota; KOHTAUS; sotilaat; kädennosto; Suomenlinna; talvi; auringonlasku","öljy kankaalle","öljy, kangas","22","30","","","84"
"kv90","a0314400.jpg","A III 1988","FIGUURI ; nainen ; polvikuva ; rokokoo-puku ; kirjoittaminen ; lipasto ; maljakko ; kukkakimppu","öljy kartongille","öljy, kartonki","30","24","","Finlands Nationalgalleri",""
"kv91","a0314500.jpg","A III 1989","FIGUURI ; nainen ; polvikuva ; lipasto ; kukkakimppu ; veistos","öljy paperille","öljy, paperi","32","21","","Finlands Nationalgalleri",""
"kv92","a0314501.jpg","A III 1989","FIGUURI ; nainen ; polvikuva ; lipasto ; kukkakimppu ; veistos","öljy paperille","öljy, paperi","32","21","","",""
"kv93","a0315200.jpg","A III 1996","KOHTAUS ; leikki ; kaksi poikaa ; selin seisova ; kivellä kyykysssä oleva ;  kaarnalaivan uitto ; ranta ; kivet ; laituri ; Haikko ; Uusimaa","öljy kankaalle","öljy, kangas","23","30","","Finlands Nationalgalleri",""
"kv95","a0317600.jpg","A III 2016","KOHTAUS ; nainen ; silkkipuku ; kirjoittaminen ; kirje ; lipasto","tussi ja vesiväri","tussi, vesiväri","11","8","","Finlands Nationalgalleri",""
"kv99","a0473100.jpg","A IV 2822","RAKENNETTU MAISEMA; puisto; Luxembourgin puisto; Pariisi; Ranska; KOHTAUS; lastenhoito; lapsenhoitajat; lapset; leikki","öljy puulle","öljy, puu","26","35","","Finlands Nationalgalleri",""
"kv100","a8104600.jpg","A II 1637","","lyijykynä","lyijykynä, paperi","50","33","","Finlands Nationalgalleri",""
"kv101","a8400500.jpg","A IV 2809","KIRJALLINEN AIHE; Runeberg; Vänrikki Stoolin tarinat; Wilhelm von Schwerin-runo; KOHTAUS; paarit; Wilhelm von Schwerin; kuoleva; Adlercreutz; upseerit","guassi paperille, grisaille","guassi, paperi","38","30","","",""
"kv103","e0001700.jpg","A III 1973","USKONTO; VT; KOHTAUS; Joosef; veljet; INTERIÖÖRI; palatsi; egyptiläinen","öljy kankaalle","öljy, kangas","46","55","","","164"
"kv104","e0001800.jpg","A II 1511","MUOTOKUVA ; mies ; omakuva ; rintakuva","öljy kankaalle","öljy, kangas","50","41","","","77"
"kv107","e0003900.jpg","A III 1956","MUOTOKUVA; lapsi; tyttö; Berta Edelfelt; taiteilijan sisar; 6-vuotias; rintakuva","öljy kankaalle","öljy, kangas","39","36","","","127"
"kv109","e0004600.jpg","C III B II 225","","puukaiverrus (tekniikka)","","","","","Finlands Nationalgalleri",""
"kv110","e0007800.jpg","A II 1292","KOHTAUS; lastenhoito","lyijykynä ja tussi","lyijykynä, tussi, paperi","13","21","","Finlands Nationalgalleri",""
"kv112","e0008000.jpg","A I 215 F","FIGUURI ; mies ; malli ; alaston ; 2/3 vartalo ; puikko","öljy kankaalle","öljy, kangas","56","40","","",""
"kv116","e0009000.jpg","A III 1997","MAISEMA; meri; Haikon selkä; Uusimaa","öljy kankaalle","öljy, kangas","23","30","","Finlands Nationalgalleri",""
"kv120","e0059000.jpg","A II 1517:39","","","lyijykynä, mustaliitu, hiili, tussi, vesiväri, paperi","15","25","","Finlands Nationalgalleri","722"
"kv133","e0059014.jpg","A II 1517:39","","","lyijykynä, mustaliitu, hiili, tussi, vesiväri, paperi","15","25","","Finlands Nationalgalleri",""
"kv139","e0059501.jpg","A II 1517:29","","","lyijykynä, hiili, mustaliitu, tussi, vesiväri, paperi","23","30","","Finlands Nationalgalleri",""
"kv140","e0059502.jpg","A II 1517:29","","","lyijykynä, hiili, mustaliitu, tussi, vesiväri, paperi","23","30","","",""
"kv143","e0059506.jpg","A II 1517:29","","","lyijykynä, hiili, mustaliitu, tussi, vesiväri, paperi","23","30","","",""
"kv144","e0059507.jpg","A II 1517:29","","","lyijykynä, hiili, mustaliitu, tussi, vesiväri, paperi","23","30","","",""
"kv146","e0059509.jpg","A II 1517:29","","","lyijykynä, hiili, mustaliitu, tussi, vesiväri, paperi","23","30","","",""
"kv149","e0059512.jpg","A II 1517:29","","","lyijykynä, hiili, mustaliitu, tussi, vesiväri, paperi","23","30","","",""
"kv150","e0059513.jpg","A II 1517:29","","","lyijykynä, hiili, mustaliitu, tussi, vesiväri, paperi","23","30","","",""
"kv155","e0059700.jpg","A III 1977","KOHTAUS; vanhahko nainen; taiteilijan sisaret; Annie Edelfelt; Berta Edelfelt; INTERIÖÖRI; piano; (taffelpiano); musiikki; ovi; maisema","öljy kankaalle","öljy, kangas","42","53","","Finlands Nationalgalleri","604"
"kv157","e0060200.jpg","A III 1978","MAISEMA ; ranta ; ranta-aitat ; talo ; metsä ; Hamari ; Porvoon seutu ; Uusimaa","öljy puulle","öljy, puu","17","26","","Finlands Nationalgalleri",""
"kv159","e0064800.jpg","A II 1331","MUOTOKUVA; mies; Karl August Tavaststjerna; kirjailija; runoilija; rintakuva; profiili; lukeminen; tulen valo","pastelli","pastelli","49","33","","Finlands Nationalgalleri","545"
"kv160","e0064900.jpg","A III 2025","MUOTOKUVA ; nainen ; Alexandra Edelfelt ; 1833-1901 ; taiteilijan äiti ; rintakuva","lyijykynä ja vesiväri","lyijykynä ja vesiväri, paperi","","","","",""
"kv161","e0065300.jpg","A II 1509","MUOTOKUVA ; nainen ; Elli Jäppinen ; emäntä ; hieroja ; 44-vuotias ; puolivartalo ; liesi ; pannu ; Immola ; Ruokolahti ; Karjala","öljy kankaalle","öljy, kangas","28","27","","Finlands Nationalgalleri","532"
"kv162","e0065800.jpg","A III 2001","MUOTOKUVA; mies; Adolf Aminoff; kenraaliadjutantti; kreivi; polvikuva; kenraaliluutnantin puku; ritarimerkit; miekankahva; pöydännurkka","öljy kankaalle","öljy, kangas","20","16","","",""
"kv163","e0065900.jpg","A III 1979","kauppias ; venäläinen ; piippu ; lapset","öljy kankaalle","öljy, kangas","22","18","","Finlands Nationalgalleri","732"
"kv165","e0067200.jpg","A III 2021","KIRJALLINEN AIHE; Runeberg; Jouluilta; INTERIÖÖRI; KOHTAUS; naiset; lukeminen; kynttilä; pöytä; Augusta?; kapteenin rouva?","tussi- ja seepialaveeraus","tussi, paperi, seepia","20","16","","Finlands Nationalgalleri","112"
"kv169","e0067600.jpg","A III 2005:3","KOHTAUS ; soutuvene ; soutaminen ; HENKILÖKUVA ; Berta Edelfelt ; taiteilijan sisar ; ranta ; metsä ; Haikko ; Uusimaa","öljy puulle, keskeneräinen","öljy, puu","27","35","","Finlands Nationalgalleri",""
"kv171","e0067900.jpg","A IV 2976","MUOTOKUVA; nainen; vanhus; Anna Sinebrychoff; kauppaneuvoksetar; polvikuva; istuva; hymyilevä; keppi; silkkipuku; pitsimyssy; hartiahuivi; INTERIÖÖRI; Sinebrychoffin salongi; sohva; huonekasvit","öljy kankaalle","öljy, kangas","130","103","","Finlands Nationalgalleri",""
"kv174","e0070600.jpg","A I 215 D","FIGUURI; mies; malli; alaston; kokovartalo; istuva;sivukuva; puoliprofiili; parta; jakkarat","öljy kankaalle","öljy, kangas","81","65","","","104"
"kv176","e0070800.jpg","A III 1982","KOHTAUS; HENKILÖKUVA; Annie Edelfelt; Berta Edelfelt; taiteilijan sisaret; musiikki; piano; (taffelpiano); INTERIÖÖRI; huvila; Haikko","öljy puulle","öljy, puu","32","40","","Finlands Nationalgalleri",""
"kv178","e0071000.jpg","A I 215 E","FIGUURI; mies; malli; alaston; puolivartalo; parta","öljy kankaalle","öljy, kangas","32","28","","","101"
"kv179","e0071100.jpg","A IV 2825","MAISEMA; ranta; meri; niemi; tukit; Haikko; Uusimaa","öljy kankaalle","öljy, kangas","38","61","","Finlands Nationalgalleri","507"
"kv185","e0071800.jpg","A I 580","MUOTOKUVA; mies; Aukusti Uotila; taiteilija; rintakuva; puoliprofiili","öljy kankaalle","öljy, kangas","27","22","","",""
"kv186","e0071900.jpg","A III 1991","MUOTOKUVA; nainen; Augusta Lewenhaupt; kreivitär; polvikuva; istuva; tanssipuku; viuhka","öljy puulle","öljy, puu","24","19","","Finlands Nationalgalleri","521"
"kv189","e0072200.jpg","A I 754:14","KIRJALLINEN AIHE; Runeberg; Vänrikki Stoolin tarinat; KOHTAUS; vänrikki; ylioppilas; kertominen; INTERIÖÖRI; talonpoikaisrakennus; kalaverkot; piiput","öljy kankaalle","öljy, kangas","","","","",""
"kv191","e0072400.jpg","A I 215 C","FIGUURI; mies; vanhahko; malli; alaston; polvikuva; istuva; parta","öljy kankaalle","öljy, kangas","56","47","","","106"
"kv198","e0073100.jpg","A I 754:173","","vesiväri paperille","vesiväri, paperi","","","","",""
"kv217","e0078400.jpg","A I 754:132","","","tussi, paperi","","","","",""
"kv237","e0080600.jpg","A II 1518:29","","lyijykynä paperille","lyijykynä, paperi","32","22","","Finlands Nationalgalleri",""
"kv241","e0081000.jpg","A II 1518:28","","lyijykynä paperille","lyijykynä, paperi","32","23","","Finlands Nationalgalleri",""
"kv246","e0081500.jpg","A II 1518:27","","","lyijykynä, paperi","32","22","","Finlands Nationalgalleri",""
"kv259","e0082900.jpg","A II 1624","","lyijykynä ja mustaliitu","lyijykynä, mustaliitu, paperi","24","24","","",""
"kv260","e0082901.jpg","A II 1624","","lyijykynä ja mustaliitu","lyijykynä, mustaliitu, paperi","24","24","","",""
"kv262","e0084300.jpg","A II 1313","KOHTAUS; pojat; lapset; leikkilaiva; takilointi; leikki; merenranta","lyijykynä","lyijykynä, paperi","29","22","","Finlands Nationalgalleri",""
"kv263","e0084301.jpg","A II 1313","KOHTAUS; pojat; lapset; leikkilaiva; takilointi; leikki; merenranta","lyijykynä","lyijykynä, paperi","29","22","","Finlands Nationalgalleri",""
"kv266","e0084600.jpg","A II 1298","HISTORIA; FIGUURI; Kaarle herttua","lyijykynä","lyijykynä, paperi","20","31","","",""
"kv268","e0084800.jpg","A II 1289","MUOTOKUVA; nainen; tuntematon; istuva; polvikuva","lyijykynä","lyijykynä, paperi","19","12","","Finlands Nationalgalleri",""
"kv269","e0084900.jpg","A II 1290","KOHTAUS; työaihe; käsityö; ompeleminen; tytöt; puolivartalot; ITERIÖÖRI; ikkuna; pöytä","tussi ja guassi paperille","tussi, paperi, guassi","23","29","","Finlands Nationalgalleri",""
"kv270","e0085000.jpg","A II 1304","MUOTOKUVA; nainen; tuntematon; rintakuva","lyijykynä","lyijykynä, paperi","31","22","","Finlands Nationalgalleri",""
"kv273","e0085300.jpg","A II 1288","FIGUURI; ryhmä; poika; lapsi; sylissäpito; paalu; laituri","lyijykynä","lyijykynä, paperi","20","13","","Finlands Nationalgalleri",""
"kv274","e0085400.jpg","A II 1287","FIGUURI; ryhmä; poika; lapsi; kokovartalo; sylissäpito","lyijykynä","lyijykynä, paperi","21","13","","Finlands Nationalgalleri",""
"kv275","e0085500.jpg","A II 1301","FIGUURI; ryhmä; pojat; selin; tukki","lyijykynä","lyijykynä, paperi","24","39","","Finlands Nationalgalleri",""
"kv279","e0085900.jpg","A I 754:133","","","vesi- ja peiteväri, paperi","","","","",""
"kv280","e0086000.jpg","A I 754:135","","","tussi, paperi","","","","",""
"kv281","e0086100.jpg","A I 754:138","","","mustaliitu ja valkoinen peiteväri, paperi","","","","",""
"kv283","e0086300.jpg","A I 754:134","","","tussi, paperi","6","5","","",""
"kv284","e0086400.jpg","A I 754:137","","","tussi, paperi","","","","",""
"kv285","e0087800.jpg","A II 1517:23","","","lyijykynä, hiili, tussi, vesiväri, paperi","","","","",""
"kv286","e0087801.jpg","A II 1517:23","","","lyijykynä, hiili, tussi, vesiväri, paperi","","","","",""
"kv288","e0087803.jpg","A II 1517:23","","","lyijykynä, hiili, tussi, vesiväri, paperi","","","","Finlands Nationalgalleri",""
"kv289","e0087804.jpg","A II 1517:23","","","lyijykynä, hiili, tussi, vesiväri, paperi","","","","",""
"kv290","e0087805.jpg","A II 1517:23","","","lyijykynä, hiili, tussi, vesiväri, paperi","","","","Finlands Nationalgalleri",""
"kv291","e0087806.jpg","A II 1517:23","","","lyijykynä, hiili, tussi, vesiväri, paperi","","","","",""
"kv296","e0095100.jpg","A II 1537","KOHTAUS ; vene ; naise ; Berta Edelfelt (keskituhdolla) ; Annie Edelfelt ; melominen ; MAISEMA ; Haikon selkä ; purjelaivat ; ilta","öljy kankaalle","öljy, kangas","34","41","","Finlands Nationalgalleri","499"
"kv300","e0095700.jpg","A III 1961","KOHTAUS; HENKILÖKUVA; Annie Edelfelt; taiteilijan sisar; koira; kävely; MAISEMA; ranta; polku; kivet; metsä","öljy kankaalle","öljy, kangas","46","58","","Finlands Nationalgalleri","653"
"kv308","e0116200.jpg","A III 2028:228","","lyijykynä","lyijykynä, paperi","29","22","","Finlands Nationalgalleri",""
"kv313","e0117100.jpg","A III 2028:324","","lyijykynä","lyijykynä, paperi","22","21","","",""
"kv314","e0117101.jpg","A III 2028:324","","lyijykynä","lyijykynä, paperi","22","21","","",""
"kv317","e0118400.jpg","A III 2028:217","","lyijykynä","lyijykynä, paperi","39","23","","Finlands Nationalgalleri",""
"kv318","e0118600.jpg","A III 2028:271","","lyijykynä","lyijykynä, paperi","39","23","","Finlands Nationalgalleri",""
"kv319","e0118800.jpg","A-2002-580","KOHTAUS ; naiset ; kävely ; väkijoukko ; MAISEMA ; rantatie ; San Telmo; Sevilla ; Espanja ; taustalla Guadalquivir","öljy pahville","öljy, pahvi","27","33","","Finlands Nationalgalleri","330"
"kv327","e0120200.jpg","A III 2028:274","","lyijykynä","lyijykynä, paperi","35","22","","Finlands Nationalgalleri",""
"kv341","e0121400.jpg","A III 2028:321","","tussi","tussi, paperi","23","37","","",""
"kv342","e0121500.jpg","A III 2028:273","","","lyijykynä, paperi","23","29","","",""
"kv344","e0121800.jpg","A III 2022:3","","tussi- ja vesivärilaveeraus","tussi ja vesiväri, paperi","13","22","","Finlands Nationalgalleri","724"
"kv345","e0121900.jpg","A III 2022:2","","vesivärilaveeraus","vesiväri, paperi","13","22","","Finlands Nationalgalleri","725"
"kv347","e0122300.jpg","A III 2028:295","","tussi","tussi, paperi","21","34","","Finlands Nationalgalleri",""
"kv356","e0126700.jpg","A III 2028:308","","lyijykynä","lyijykynä, paperi","23","38","","Finlands Nationalgalleri",""
"kv357","e0126701.jpg","A III 2028:308","","lyijykynä","lyijykynä, paperi","23","38","","Finlands Nationalgalleri",""
"kv363","e0130300.jpg","A III 2028:296","","hiili","hiili, paperi","24","36","","Finlands Nationalgalleri",""
"kv365","e0130900.jpg","A III 2028:319","","tussi","tussi, paperi","23","37","","",""
"kv380","f0115000.jpg","A-1993-361","","lyijykynä","lyijykynä, paperi","33","27","","",""
"kv381","f0125500.jpg","A-1994-225","MUOTOKUVA; nainen; malli; pariisilainen; rintakuva; aamutakki","pastelli paperille, kiinnitetty kankaalle","pastelli, paperi","","","","Finlands Nationalgalleri","445"
"kv383","f0138800.jpg","A I 215 B","FIGUURI; mies; malli; n. 3/5 vartalo; alaston; selin","öljy kankaalle","öljy, kangas","73","54","","","97"
"kv384","f0138900.jpg","A I 215 G","FIGUURI; mies; malli; alaston; kokovartalo edestä; kasvot profiilissa; viikset; nuija","öljy kankaalle","öljy, kangas","73","60","","","105"
"kv387","f0151300.jpg","A III 2028:183","","lyijykynä","lyijykynä, paperi","22","36","","",""
"kv388","f0151301.jpg","A III 2028:183","","lyijykynä","lyijykynä, paperi","22","36","","",""
"kv391","f0151600.jpg","A II 1319","KOHTAUS; lapset; pojat; urheilu; uinti; MAISEMA; Porvoonjoki; Porvoo; Uusimaa","lyijykynä ja tussi","lyijykynä, tussi, paperi","41","32","","Finlands Nationalgalleri",""
"kv414","f0170500.jpg","A III 2028:82","","lyijykynä","lyijykynä, paperi","37","46","","Finlands Nationalgalleri",""
"kv416","f0170700.jpg","A III 2028:309","","","lyijykynä, paperi","24","39","","Finlands Nationalgalleri",""
"kv420","f0171200.jpg","A III 2028:30","","tussi- ja seepialaveeraus","tussi, paperi, seepia","63","47","","",""
"kv423","f0171600.jpg","A III 2028:240","","tussi","tussi, paperi","30","44","","Finlands Nationalgalleri",""
"kv448","f0174400.jpg","A III 2022:43","","vesiväri","vesiväri, paperi","44","30","","",""
"kv458","f0175800.jpg","A III 2023:10","","seepialaveeraus","seepia, paperi","21","27","","Finlands Nationalgalleri","112"
"kv459","f0175900.jpg","A III 2028:245","","hiili","hiili, paperi","51","36","","Finlands Nationalgalleri",""
"kv460","f0176200.jpg","A III 2023:8","","tussilaveeraus","tussi, paperi","19","28","","Finlands Nationalgalleri","112"
"kv462","f0176400.jpg","A III 2028:280","","lyijykynä","lyijykynä, paperi","28","21","","Finlands Nationalgalleri",""
"kv463","f0176500.jpg","A III 2028:276","","tussi kalkeerauspaperille","tussi, kalkeerauspaperi","25","17","","Finlands Nationalgalleri",""
"kv471","f0177701.jpg","A II 1254:19","FIGUURI; mies; rintakuva; profiili; hatunnosto; MAISEMA; Caloniuksen hautamuistomerkki; Askainen; Varsinais-Suomi","lyijkynä","lyijkynä, paperi","33","25","","",""
"kv472","f0177702.jpg","A II 1254:19","FIGUURI; mies; rintakuva; profiili; hatunnosto; MAISEMA; Caloniuksen hautamuistomerkki; Askainen; Varsinais-Suomi","lyijkynä","lyijkynä, paperi","33","25","","",""
"kv483","f0178900.jpg","A III 2028:251","","hiili paperille","hiili, paperi","60","47","","Finlands Nationalgalleri",""
"kv490","f0181300.jpg","A III 2028:320","","lyijykynä ja tussi","lyijykynä, tussi, paperi","30","23","","",""
"kv496","f0182000.jpg","A III 2028:317","","lyijykynä","lyijykynä, paperi","23","37","","",""
"kv497","f0182001.jpg","A III 2028:317","","lyijykynä","lyijykynä, paperi","23","37","","",""
"kv507","f0183100.jpg","A III 2028:186","","lyijykynä","lyijykynä, paperi","22","36","","",""
"kv516","f0183900.jpg","A III 2022:71","","vesiväri","vesiväri, paperi","38","28","","",""
"kv522","f0184500.jpg","A III 2028:247","","","lyijykynä?, paperi","35","35","","",""
"kv549","f0187200.jpg","A II 1306","FIGUURI; ryhmä; lapset; laituri; sylissäpito","lyijykynä","lyijykynä, paperi","39","46","","Finlands Nationalgalleri",""
"kv555","f0187800.jpg","A II 1321","MUOTOKUVA; nainen; mme Saussine; rintakuva","lyijykynä","lyijykynä, paperi","49","32","","Finlands Nationalgalleri",""
"kv576","f0198200.jpg","A III 2028:56","","lyijykynä","lyijykynä, paperi","55","45","","",""
"kv579","f0198400.jpg","A III 2028:327","","lyijykynä","lyijykynä, paperi","12","7","","","781"
"kv583","f0199700.jpg","A III 2028:275","","hiili","hiili, paperi","49","32","","",""
"kv588","f0200900.jpg","A II 1519:19","","tussi ja lyijykynä","tussi, lyijykynä, paperi","29","22","","Finlands Nationalgalleri",""
"kv591","f0201200.jpg","A III 2014","MUOTOKUVA; mies; Sakari Topelius; runoilija; historioitsija; kirjailija; puolivartalo; istuva; juhlapuku; kaulahuivi; ikkuna; maisema","vesiväri","vesiväri","32","26","","Finlands Nationalgalleri",""
"kv599","f0202200.jpg","A III 2028:94","","lyijykynä","lyijykynä, paperi","22","36","","",""
"kv605","f0202800.jpg","A III 2022:15","","vesiväri","vesiväri, paperi","49","32","","",""
"kv610","f0203100.jpg","A III 2028:11","","lyijykynä","lyijykynä, paperi","34","21","","Finlands Nationalgalleri",""
"kv620","f0207101.jpg","A III 2034:6","","vesiväri","vesiväri, paperi","22","36","","Finlands Nationalgalleri",""
"kv632","f0208900.jpg","A III 2028:318","","tussi","tussi, paperi","23","26","","",""
"kv644","f0210601.jpg","A II 1312","KOHTAUS; lapset; pojat; leikki; merenranta ; FIGUURI; nainen; istuva; polvikuva; päivänvarjo","lyijykynä","lyijykynä, paperi","30","22","","Finlands Nationalgalleri",""
"kv650","f0211500.jpg","A II 1297","HISTORIA","lyijykynä","lyijykynä, paperi","20","31","","",""
"kv661","f0212300.jpg","A II 1302","FIGUURI; poika; jalat; tukki","lyijykynä","lyijykynä, paperi","38","24","","Finlands Nationalgalleri",""
"kv662","f0212301.jpg","A II 1302","FIGUURI; poika; jalat; tukki","lyijykynä","lyijykynä, paperi","38","24","","Finlands Nationalgalleri",""
"kv663","f0212400.jpg","A II 1320","FIGUURI; poika; lapsi; kokovartalo; istuva; tukki","","lyijykynä, paperi","39","24","","Finlands Nationalgalleri",""
"kv665","f0212600.jpg","A II 1282","FIGUURI; poika; kokovartalo; kädet taskussa","lyijykynä","lyijykynä, paperi","38","23","","Finlands Nationalgalleri",""
"kv675","f0214600.jpg","A III 2022:50","","vesiväri mahdollisesti valokuvalle","vesiväri, valokuva?","26","34","","Finlands Nationalgalleri",""
"kv692","f0219200.jpg","A V 4497","MUOTOKUVA ; nainen ; vanhus ; Anna Sinebrychoff ; kauppaneuvoksetar ; polvikuva ; istuva ; kävelykeppi ; hymyilevä ; INTERIÖÖRI ; sohva ; kukka ; lilja","vesiväri ja lyijykynä","vesiväri, lyijykynä, paperi","","","","Finlands Nationalgalleri",""
"kv693","f0221600.jpg","A I 754:109","","","tussi ja valkoinen peiteväri, paperi","","","","",""
"kv694","f0221700.jpg","A I 754:93","","","tussi ja valkoinen peiteväri, paperi","","","","",""
"kv695","f0221800.jpg","A I 754:35","","","lyijykynä, paperi","","","","",""
"kv696","f0221900.jpg","A I 754:223","VINJETTI; Uudenmaan vaakuna; miekat; kiväärit; torvi; lippu","tussi","tussi, paperi","","","","",""
"kv697","f0222000.jpg","A I 754:218","VINJETTI; muistomerkki; Adlercreutzin rintakuva; sotilaat; maisema; keskiaikainen kirkko","tussi ja valkoinen peiteväri","tussi, valkoinen peiteväri, paperi","","","","",""
"kv698","f0222100.jpg","A I 754:227","KIRJALLINEN AIHE; Runeberg; Vänrikki Stoolin tarinat; Adlercreutz-runo; KOHTAUS; hyökkäys; sotilaat; kaatuneet; Siikajoen jää","tussi ja valkoinen peiteväri","tussi, valkoinen peiteväri, paperi","","","","",""
"kv699","f0222200.jpg","A I 754:142","","laveeraus (tekniikka)","tussi, paperi","","","","",""
"kv700","f0222300.jpg","A I 754:139","","","lyijykynä, paperi","","","","",""
"kv701","f0222400.jpg","A I 754:162","","","lyijykynä, paperi","","","","",""
"kv702","f0222500.jpg","A I 754:98","eläin ; leijona ; makaava","","tussi, paperi","","","","",""
"kv703","f0222600.jpg","A I 754:143","","","tussi ja valkoinen peiteväri, paperi","","","","",""
"kv704","f0222700.jpg","A I 754:40","","laveeraus (tekniikka)","tussi ja valkoinen peiteväri, paperi","","","","",""
"kv705","f0222800.jpg","A I 754:89","","","tussi ja valkoinen peiteväri, paperi","","","","",""
"kv706","f0222900.jpg","A I 754:115","","","tussi ja valkoinen peiteväri, paperi","12","23","","",""
"kv707","f0223000.jpg","A I 754:206","","tussi","tussi, paperi","","","","",""
"kv708","f0223100.jpg","A I 754:217","VINJETTI; soihtu; laakerinoksat","tussi ja valkoinen peiteväri","tussi, valkoinen peiteväri, paperi","","","","",""
"kv709","f0223200.jpg","A I 754:144","","","tussi, paperi","","","","",""
"kv710","f0223300.jpg","A I 754:34","","","tussi ja valkoinen peiteväri, paperi","","","","",""
"kv711","f0223400.jpg","A I 754:8","","","tussi ja valkoinen peiteväri, paperi","","","","",""
"kv712","f0223500.jpg","A I 754:118","","","tussi ja valkoinen peiteväri, paperi","","","","",""
"kv713","f0223600.jpg","A I 754:97","","laveeraus (tekniikka), tussilaveeraus, valkoinen peiteväri","tussi ja valkoinen peiteväri, paperi","","","","",""
"kv714","f0223700.jpg","A I 754:172","","","tussi, paperi","","","","",""
"kv715","f0223800.jpg","A I 754:9","","","tussi ja valkoinen peiteväri, paperi","","","","",""
"kv716","f0223900.jpg","A I 754:7","","","tussi, valkoinen ja punainen peiteväri, paperi","","","","",""
"kv717","f0224000.jpg","A I 754:216","KIRJALLINEN AIHE; Runeberg; Vänrikki Stoolin tarinat; Maaherra-runo; Wibelius; lakikirja; pöydänkulma; sotilaat; kirjurit","tussilaveeraus ja valkoinen peiteväri","tussi, valkoinen peiteväri, paperi","","","","",""
"kv718","f0224100.jpg","A I 754:152","","","tussi, paperi","","","","",""
"kv719","f0224200.jpg","A I 754:158","","","tussi ja valkoinen peiteväri, paperi","","","","",""
"kv720","f0224300.jpg","A I 754:55","","","tussi ja valkoinen peiteväri, paperi","","","","",""
"kv721","f0224400.jpg","A I 754:73","","laveeraus (tekniikka)","tussi ja valkoinen peiteväri, paperi","","","","",""
"kv722","f0224500.jpg","A I 754:70","","laveeraus (tekniikka)","tussi ja valkoinen peiteväri, paperi","","","","",""
"kv723","f0224600.jpg","A I 754:92","","","tussi ja valkoinen peiteväri, paperi","","","","",""
"kv724","f0224700.jpg","A I 754:52","","","lyijykynä, paperi","","","","",""
"kv725","f0224800.jpg","A I 754:204","KIRJALLINEN AIHE; Runeberg; Vänrikki Stoolin tarinat; Numero viisitoista Stolt-runo; KOHTAUS; hyökkäys; sotilaat; Lurjus; kaatunut; kivääri; rinne; metsä","mustaliitu","mustaliitu, paperi","","","","",""
"kv726","f0224900.jpg","A I 754:113","","","tussi ja valkoinen peiteväri, paperi","","","","",""
"kv727","f0225100.jpg","A I 754:116","","","tussi, paperi","","","","",""
"kv728","f0225200.jpg","A I 754:39","","","tussi, paperi","","","","",""
"kv729","f0225300.jpg","A I 754:99","","laveeraus (tekniikka)","tussi ja valkoinen peiteväri, paperi","","","","",""
"kv730","f0225400.jpg","A III 2028:105","","hiili","hiili, paperi","38","52","","Finlands Nationalgalleri",""
"kv731","f0225600.jpg","A I 754:74","","","mustaliitu, paperi","","","","",""
"kv732","f0225700.jpg","A I 754:114","","laveeraus (tekniikka)","tussi ja valkoinen peiteväri, paperi","","","","",""
"kv733","f0225800.jpg","A I 754:72","","","tussi ja valkoinen peiteväri, paperi","","","","",""
"kv734","f0225900.jpg","A I 754:94","","","tussi ja valkoinen peiteväri, paperi","","","","",""
"kv736","f0226100.jpg","A I 754:213","VINJETTI; vaaka; lakikirja; miekka; pistoolit; kirveet; laakeripunokset","tussi ja valkoinen peiteväri","tussi, valkoinen peiteväri, paperi","","","","",""
"kv737","f0226300.jpg","A I 754:112","","","tussi ja valkoinen peiteväri, paperi","","","","",""
"kv738","f0226500.jpg","A I 754:36","","tussilaveeraus, valkoiset korosteet","tussi ja valkoinen peiteväri, paperi","","","","",""
"kv739","f0226600.jpg","A I 754:205","KIRJALLINEN AIHE; Runeberg; Vänrikki Stoolin tarinat; Numero viisitoista Stolt-runo; KOHTAUS; Döbeln; hevonen; Lurjus; nyrkinnäyttö; sotilaat","mustaliitu, lyijykynä, vesiväri ja valkoinen peiteväri","mustaliitu, lyijykynä, vesiväri, valkoinen peiteväri, paperi","","","","",""
"kv743","f0236900.jpg","A I 754:30","","","tussi ja valkoinen peiteväri, paperi","","","","",""
"kv749","f5009300.jpg","A I 754:141","","","tussi, paperi","","","","",""
"kv750","f5009400.jpg","A I 754:71","","","tussi, paperi","","","","",""
"kv751","f5009500.jpg","A I 754:215","ALKUKIRJAIN; K-kirjain; kirja; laakerinoksa","tussi","tussi, paperi","","","","",""
"kv752","f5009700.jpg","A I 754:13 a","","","tussi ja valkoinen peiteväri, paperi","","","","",""
"kv753","f5009900.jpg","A I 754:110","","","tussi, paperi","","","","",""
"kv771","f5012000.jpg","A III 2028:33","","tussi ja seepia","tussi, seepia, paperi","34","23","","Finlands Nationalgalleri","158"
"kv788","f5022400.jpg","A I 754:91","","","tussi, paperi","","","","",""
"kv789","f5022401.jpg","A I 754:91","","","tussi, paperi","","","","",""
"kv791","f5022600.jpg","A I 754:230","VINJETTI; miekka; laakeriseppele; nauhat","tussi","tussi, paperi","","","","",""
"kv792","f5022700.jpg","A I 754:203","ALKUKIRJAIN; I-kirjain; palmunlehvä","tussi ja valkoinen peiteväri","tussi, valkoinen peiteväri, paperi","","","","",""
"kv793","f5022800.jpg","A I 754:202","ALKUKIRJAIN; D-kirjain; palmunlehvä","tussi ja valkoinen peiteväri","tussi, valkoinen peiteväri, paperi","","","","",""
"kv795","f5023000.jpg","A I 754:214","ALKUKIRJAIN; D-kirjain; kirja; laakerinoksa","tussi","tussi, paperi","","","","",""
"kv796","f5023100.jpg","A I 754:42","","","tussi ja valkoinen peiteväri, paperi","","","","",""
"kv797","f5023200.jpg","A I 754:31","","","tussi, paperi","","","","",""
"kv810","f5024400.jpg","A II 1519:1","","seepia ja lyijykynä","seepia, lyijykynä, paperi","21","23","","",""
"kv818","f5025200.jpg","A II 766:1","MUOTOKUVA ; profiili ; mies ; rintakuva","punaruskea viivasyövytys (tekniikka), punaruskea viivasyövytys","paperi","","","","Finlands Nationalgalleri",""
"kv822","f5025600.jpg","A I 754:37","","","tussi, paperi","","","","",""
"kv825","f5025900.jpg","A I 754:111","","","tussi, paperi","","","","",""
"kv826","f5026000.jpg","A I 754:90","","","tussi, paperi","","","","",""
"kv827","f5026100.jpg","A I 754:32","","","tussi, paperi","","","","",""
"kv828","f5026200.jpg","A I 754:140","","","tussi, paperi","","","","",""
"kv834","f5035200.jpg","A I 754:117","","","tussi ja valkoinen peiteväri, paperi","","","","",""
"kv835","f5035300.jpg","A I 754:77","","laveeraus (tekniikka)","tussi ja valkoinen peiteväri, paperi","","","","",""
"kv838","f5045600.jpg","A III 2028:297","","tussi","tussi, paperi","21","28","","Finlands Nationalgalleri",""
"kv842","f5054000.jpg","A I 754:16","","tussilaveeraus ja peiteväri","tussi ja peiteväri, paperi","","","","",""
"kv848","f5059900.jpg","A II 1636","","lyijykynä","lyijykynä, paperi","31","20","","Finlands Nationalgalleri",""
"kv849","f5060000.jpg","A II 1638","","lyijykynä","lyijykynä, paperi","50","33","","Finlands Nationalgalleri",""
"kv851","f5065100.jpg","A III 2028:262","","tussi ja lyijykynä","tussi, paperi","12","9","","",""
"kv852","f5065200.jpg","A II 771:3","MUOTOKUVA ; rintakuva ; mies ; vanhus ; USKONTO ; juutalaisuus ; rabbiini ; kirja","viivasyövytys ja kuivaneula (tekniikka), viivasyövytys ja kuivaneula","paperi","","","","Finlands Nationalgalleri",""
"kv854","f5065400.jpg","A I 754:38","","","tussi, paperi","","","","",""
"kv871","f5070800.jpg","A III 1957","MUOTOKUVA; mies; August Streng; rintakuva","öljy kankaalle","öljy, kangas","43","34","","Finlands Nationalgalleri","730"
"kv872","f5070900.jpg","A III 2023:9","","seepialaveeraus, valkoiset guassikorosteet","seepia, guassi, paperi","31","48","","Finlands Nationalgalleri",""
"kv874","f5071300.jpg","A IV 2816","","hiili","hiili, paperi","61","47","","",""
"kv875","f5071400.jpg","A II 1047","","hiili","hiili, paperi","62","43","","",""
"kv880","f5072000.jpg","","","hiili","hiili, paperi","47","61","","Finlands Nationalgalleri",""
"kv881","f5072100.jpg","A II 1045","","hiili","hiili, paperi","69","57","","",""
"kv882","f5072200.jpg","A II 1046","","hiili","hiili, paperi","62","43","","",""
"kv898","g0061000.jpg","A I 215 H","","","öljy, kangas","80","64","","","117"
"kv912","i0019500.jpg","A III 2034:1","","seepia-ja vesivärilaveeraus","seepia, vesiväri, paperi","12","19","","",""
"kv913","i0062900.jpg","A III 1999","FIGUURI; lapsi; kokovartalo; istuva; sivukuva; n. 3-vuotias","öljy puulle","öljy, puu","21","18","","Finlands Nationalgalleri","438"
"kv914","i0126100.jpg","A III 1964","KOHTAUS; HENKILÖKUVA; nainen; Berta Edelfelt; taiteilijan sisar; ruuhi; veneen keula; ranta; metsä","öljy kankaalle","öljy, kangas","37","53","","Finlands Nationalgalleri",""
"kv918","j0047200.jpg","A I 754:67","","","tussi, paperi","","","","",""
"kv919","j0047500.jpg","A I 754:65","","","tussi ja valkoinen peiteväri, paperi","","","","",""
"kv920","j0047600.jpg","A I 754:66","","","tussi, paperi","12","7","","",""
"kv921","j0047700.jpg","A I 754:68","","tussilaveeraus, valkoiset korosteet","tussi ja valkoinen peiteväri, paperi","","","","",""
"kv922","j0048100.jpg","A I 754:69","","","tussi ja valkoinen peiteväri, paperi","27","20","","",""
"kv924","j0049600.jpg","A II 1503","RAKENNETTU MAISEMA; kaupunkikuva; Pariisi; Ranska; talvi; lumi; savupiiput; katu","öljy puulle","öljy, puu","46","37","","Finlands Nationalgalleri","529"
"kv925","j0076100.jpg","A I 754:100","","tussi, valkoinen peiteväri","tussi, valkoinen peiteväri, paperi","","","","",""
"kv926","j0076200.jpg","A I 754:201","KIRJALLINEN AIHE; Runeberg; Vänrikki Stoolin tarinat; Numero viisitoista Stolt-runo; KOHTAUS; Döbeln; ratjastaja; hatunnosto; rintaman tarkastus; sotilaat; MAISEMA; tie; tykki; aita","tussi- ja  vesivärilaveeraus, valkoinen peiteväri","tussi, vesiväri ja valkoinen peiteväri, paperi","","","","",""
"kv927","j0100100.jpg","A III 2019","KOHTAUS; musiikki; Bellman; luuttu; laulaminen; seurue; INTERIÖÖRI; pöytä; punssimalja; lasit","tussi, laveerattu vesivärein","tussi, vesiväri, paperi","29","47","","Finlands Nationalgalleri","514"
"kv931","j0136200.jpg","A II 1517:26 / 8","","","","","","","Finlands Nationalgalleri",""
"kv932","j0136300.jpg","A II 1517:26 / 7","","","","","","","Finlands Nationalgalleri",""
"kv933","j0137000.jpg","A II 1517:26 / 6","","","","","","","Finlands Nationalgalleri",""
"kv934","j0137001.jpg","A II 1517:26 / 6","","","","","","","Finlands Nationalgalleri",""
"kv937","j0138800.jpg","A II 1517:26 / 1","","","","","","","Finlands Nationalgalleri",""
"kv939","j0139100.jpg","A II 1517:26 / 29","","","","","","","Finlands Nationalgalleri",""
"kv940","j0139300.jpg","A II 1517:26 / 28","","","","","","","Finlands Nationalgalleri",""
"kv941","j0139301.jpg","A II 1517:26 / 28","","","","","","","Finlands Nationalgalleri",""
"kv942","j0139400.jpg","A II 1517:26 / 31","","","","","","","Finlands Nationalgalleri",""
"kv943","j0139401.jpg","A II 1517:26 / 31","","","","","","","Finlands Nationalgalleri",""
"kv944","j0139500.jpg","A II 1517:26 / 26","","","","","","","Finlands Nationalgalleri",""
"kv945","j0139501.jpg","A II 1517:26 / 26","","","","","","","Finlands Nationalgalleri",""
"kv946","j0139600.jpg","A II 1517:26 / 21","","","","","","","Finlands Nationalgalleri",""
"kv947","j0139700.jpg","A II 1517:26 / 20","","","","","","","Finlands Nationalgalleri",""
"kv949","j0139900.jpg","A II 1517:26 / 17","","","","","","","",""
"kv956","j0141700.jpg","A II 1517:26 / 53","","","","","","","Finlands Nationalgalleri",""
"kv957","j0141701.jpg","A II 1517:26 / 53","","","","","","","Finlands Nationalgalleri",""
"kv958","j0142000.jpg","A II 1517:26 / 52","","","","","","","Finlands Nationalgalleri",""
"kv959","j0142001.jpg","A II 1517:26 / 52","","","","","","","Finlands Nationalgalleri",""
"kv964","j0142500.jpg","A II 1517:26 / 40","","","","","","","Finlands Nationalgalleri",""
"kv965","j0142501.jpg","A II 1517:26 / 40","","","","","","","Finlands Nationalgalleri",""
"kv966","j0142600.jpg","A II 1517:26 / 38","","","","","","","Finlands Nationalgalleri",""
"kv967","j0142601.jpg","A II 1517:26 / 38","","","","","","","Finlands Nationalgalleri",""
"kv996","k0002601.jpg","A II 1517:47","","","lyijykynä, tussi, vesiväri, paperi","13","21","","Finlands Nationalgalleri",""
"kv1003","k03766.jpg","A II 1517:12 / 4","","","","","","","Finlands Nationalgalleri",""
"kv1079","k0055600.jpg","A II 1517:10 / 42","","","","","","","Finlands Nationalgalleri",""
"kv1080","k0055700.jpg","A II 1517:10 / 40","","","","","","","Finlands Nationalgalleri",""
"kv1081","k0055800.jpg","A II 1517:10 / 38","","","lyijykynä","","","","Finlands Nationalgalleri",""
"kv1082","k0055900.jpg","A II 1517:10 / 36","","","","","","","Finlands Nationalgalleri",""
"kv1083","k0056100.jpg","A II 1517:10 / 34","","","","","","","Finlands Nationalgalleri",""
"kv1099","k0057900.jpg","A II 1517:10 / 29","","","","","","","Finlands Nationalgalleri",""
"kv1115","k0059600.jpg","A II 1517:10 / 39","","","","","","","Finlands Nationalgalleri",""
"kv1116","k0059700.jpg","A II 1517:10 / 35","","","","","","","Finlands Nationalgalleri",""
"kv1139","k0063100.jpg","A II 1517:24 / 97","","","","","","","Finlands Nationalgalleri",""
"kv1153","k0065700.jpg","A II 1517:24 / 94","","","","","","","Finlands Nationalgalleri",""
"kv1154","k0065800.jpg","A II 1517:29 / 24","","","","","","","",""
"kv1158","k0066200.jpg","A II 1517:29 / 14","","","","","","","",""
"kv1159","k0066300.jpg","A II 1517:29 / 12","","","","","","","",""
"kv1162","k0066600.jpg","A I 754:136","KIRJALLINEN AIHE; Runeberg; Vänrikki Stoolin tarinat; Matkamiehen näky-runo; KOHTAUS; nainen; Ramsayn veljesten äiti; mies; palvelija; kynttelikkö; INTERIÖÖRI; taulugalleria; muotokuvat","","tussi ja valkoinen peiteväri, paperi","","","","",""
"kv1166","k0075700.jpg","A I 754:124","","hiili, peiteväri","hiili, paperi","","","","",""
"kv1167","k0075800.jpg","A I 754:23","","","mustaliitu ja valkoinen peiteväri, paperi","","","","",""
"kv1168","k0076000.jpg","A I 754:59","","","tussi ja valkoinen, paperi","","","","",""
"kv1169","k0076100.jpg","A I 754:54","","","tussi, paperi","","","","",""
"kv1170","k0076200.jpg","A I 754:57 a","","","tussi ja valkoinen peiteväri, paperi","","","","",""
"kv1171","k0076800.jpg","A I 754:60","","","tussi, paperi","","","","",""
"kv1172","k0088600.jpg","A II 1517:29 / 42","","","","","","","",""
"kv1173","k0088700.jpg","A II 1517:29 / 40","","","","","","","",""
"kv1174","k0088800.jpg","A II 1517:29 / 38","Lappi","","","","","","",""
"kv1175","k0088900.jpg","A II 1517:29 / 36","","","","","","","",""
"kv1176","k0089000.jpg","A II 1517:29 / 34","","","","","","","",""
"kv1177","k0089100.jpg","A II 1517:29 / 32","","","","","","","",""
"kv1178","k0089200.jpg","A II 1517:29 / 30","","","","","","","",""
"kv1179","k0089300.jpg","A II 1517:29 / 28","","","","","","","",""
"kv1181","k0089500.jpg","A II 1517:29 / 49","","","","","","","",""
"kv1182","k0089600.jpg","A II 1517:29 / 35","","","","","","","",""
"kv1183","k0089700.jpg","A II 1517:29 / 33","","","","","","","",""
"kv1188","k0090200.jpg","A II 1517:29 / 58","","","","","","","",""
"kv1189","k0090300.jpg","A II 1517:29 / 56","","","","","","","",""
"kv1191","k0090500.jpg","A II 1517:29 / 45-46","","","","","","","",""
"kv1192","k0090600.jpg","A II 1517:29 / 47-48","","","","","","","",""
"kv1193","k0090700.jpg","A II 1517:29 / 43-44","","","","","","","",""
"kv1195","k0090900.jpg","A II 1517:29 / 57","","","","","","","",""
"kv1196","k0091000.jpg","A II 1517:29 / 53","","","","","","","Finlands Nationalgalleri",""
"kv1201","k0092200.jpg","A II 1517:58 / 10","","","lyijykynä","","","","Finlands Nationalgalleri",""
"kv1232","k0098000.jpg","A III 2007","MUOTOKUVA; lapsi; tyttö; Berta Edelfelt; taiteilijan sisar; puolivartalo; lierihattu; tuolinselkä","pastelli","pastelli","72","49","","Finlands Nationalgalleri","557"
"kv1238","k0103200.jpg","A II 1517:47 / 20","","","lyijykynä","","","","Finlands Nationalgalleri",""
"kv1248","k0104700.jpg","A II 1517:47 / 42","","","lyijykynä","","","","Finlands Nationalgalleri",""
"kv1249","k0104800.jpg","A II 1517:47 / 40","","","lyijykynä","","","","Finlands Nationalgalleri",""
"kv1250","k0104900.jpg","A II 1517:47 / 38","","","lyijykynä","","","","Finlands Nationalgalleri",""
"kv1266","k0107200.jpg","A II 1517:47 / 47","","","lyijykynä","","","","Finlands Nationalgalleri",""
"kv1267","k0107300.jpg","A II 1517:47 / 45","","","lyijykynä","","","","Finlands Nationalgalleri",""
"kv1288","k0114600.jpg","A II 1517:30 / 10","","lyijykynä, liitu, tussi- ja mustelaveeraus","","","","","",""
"kv1289","k0114700.jpg","A II 1517:30 / 8","","lyijykynä, liitu, tussi- ja mustelaveeraus","","","","","",""
"kv1290","k0114800.jpg","A II 1517:30 / 6","","lyijykynä, liitu, tussi- ja mustelaveeraus","","","","","",""
"kv1294","k0115200.jpg","A II 1517:30 / 46","","lyijykynä, liitu, tussi- ja mustelaveeraus","","","","","",""
"kv1295","k0115300.jpg","A II 1517:30 / 44","","lyijykynä, liitu, tussi- ja mustelaveeraus","","","","","",""
"kv1297","k0115500.jpg","A II 1517:30 / 36","","lyijykynä, liitu, tussi- ja mustelaveeraus","","","","","",""
"kv1298","k0115600.jpg","A II 1517:30 / 32","","lyijykynä, liitu, tussi- ja mustelaveeraus","","","","","",""
"kv1299","k0115700.jpg","A II 1517:30 / 30","","lyijykynä, liitu, tussi- ja mustelaveeraus","","","","","",""
"kv1301","k0115900.jpg","A II 1517:30 / 22","","lyijykynä, liitu, tussi- ja mustelaveeraus","","","","","",""
"kv1310","k0116700.jpg","A II 1517:30 / 62","","lyijykynä, liitu, tussi- ja mustelaveeraus","","","","","",""
"kv1317","k0117400.jpg","A II 1517:30 / 61","","lyijykynä, liitu, tussi- ja mustelaveeraus","","","","","",""
"kv1318","k0117500.jpg","A II 1517:30 / 65","","lyijykynä, liitu, tussi- ja mustelaveeraus","","","","","",""
"kv1331","k0118800.jpg","A II 1517:30 / 37","","lyijykynä, liitu, tussi- ja mustelaveeraus","","","","","",""
"kv1332","k0118900.jpg","A II 1517:30 / 39","","lyijykynä, liitu, tussi- ja mustelaveeraus","","","","","",""
"kv1340","k0121000.jpg","A II 1517:23 / 10","","","","","","","",""
"kv1341","k0121100.jpg","A II 1517:23 / 8","","","","","","","",""
"kv1342","k0121200.jpg","A II 1517:23 / 6","","","","","","","",""
"kv1343","k0121300.jpg","A II 1517:23 / 4","","","","","","","",""
"kv1346","k0122200.jpg","A II 1517:23 / 64","","","","","","","",""
"kv1347","k0122400.jpg","A II 1517:23 / 46","","","","","","","",""
"kv1349","k0122600.jpg","A II 1517:23 / 52","","","","","","","",""
"kv1350","k0122700.jpg","A II 1517:23 / 54","","","","","","","",""
"kv1353","k0123000.jpg","A II 1517:23 / 42","","","","","","","",""
"kv1358","k0123600.jpg","A II 1517:23 / 63","","","","","","","",""
"kv1360","k0123800.jpg","A II 1517:23 / 23","","","","","","","",""
"kv1362","k0124100.jpg","A II 1517:23 / 17","","","","","","","",""
"kv1363","k0124200.jpg","A II 1517:23 / 15","","","","","","","",""
"kv1364","k0124500.jpg","A II 1517:23 / 9","","","","","","","",""
"kv1367","k0124800.jpg","A II 1517:23 / 72","","","","","","","",""
"kv1369","k0125000.jpg","A II 1517:23 / 68","","","","","","","",""
"kv1394","k0129900.jpg","A II 1517:9 / 64","","","","","","","Finlands Nationalgalleri",""
"kv1400","k0130500.jpg","A II 1517:9 / 61","","","","","","","Finlands Nationalgalleri",""
"kv1401","k0130600.jpg","A II 1517:9 / 63","","","","","","","Finlands Nationalgalleri",""
"kv1402","k0130700.jpg","A II 1517:9 / 65","","","","","","","Finlands Nationalgalleri",""
"kv1403","k0130800.jpg","A II 1517:9 / 67","","","","","","","Finlands Nationalgalleri",""
"kv1404","k0130900.jpg","A II 1517:9 / 69","","","","","","","Finlands Nationalgalleri",""
"kv1417","k0376500.jpg","A II 1517:12 / 2","","","","","","","Finlands Nationalgalleri",""
"kv1418","k0376900.jpg","A II 1517:12 / 14","","","","","","","Finlands Nationalgalleri",""
"kv1419","k0377000.jpg","A II 1517:12 / 20","","","","","","","Finlands Nationalgalleri",""
"kv1421","k0377300.jpg","A II 1517:12 / 10","","","","","","","Finlands Nationalgalleri",""
"kv1423","k0377500.jpg","A II 1517:12 / 18","","","","","","","Finlands Nationalgalleri",""
"kv1431","k0379000.jpg","A II 1517:12 / 80","","","","","","","Finlands Nationalgalleri",""
"kv1432","k0379100.jpg","A II 1517:12 / 78","","","","","","","Finlands Nationalgalleri",""
"kv1433","k0379200.jpg","A II 1517:12 / 76","","","","","","","Finlands Nationalgalleri",""
"kv1434","k0379300.jpg","A II 1517:12 / 74","","","","","","","Finlands Nationalgalleri",""
"kv1435","k0379400.jpg","A II 1517:12 / 72","","","","","","","Finlands Nationalgalleri",""
"kv1440","k0380400.jpg","A II 1517:12 / 82","","","","","","","Finlands Nationalgalleri",""
"kv1451","k0382800.jpg","A II 1517:12 / 73","","","","","","","Finlands Nationalgalleri",""
"kv1466","k0385000.jpg","A II 1517:12 / 5","","","","","","","Finlands Nationalgalleri",""
"kv1490","k0393600.jpg","A II 1517:14 / 60","","","","","","","Finlands Nationalgalleri",""
"kv1506","k0403200.jpg","A II 1517:14 / 61","","","","","","","Finlands Nationalgalleri",""
"kv1507","k0403500.jpg","A II 1517:14 / 63","","","","","","","Finlands Nationalgalleri",""
"kv1523","k0405600.jpg","A II 1517:14 / 64","","","","","","","Finlands Nationalgalleri",""
"kv1524","k0405700.jpg","A II 1517:14 / 62","","","","","","","Finlands Nationalgalleri",""
"kv1596","l0031900.jpg","A II 1517:15 / 20","","","","","","","Finlands Nationalgalleri",""
"kv1597","l0032000.jpg","A II 1517:15 / 18","","","","","","","Finlands Nationalgalleri",""
"kv1598","l0032100.jpg","A II 1517:15 / 16","","","","","","","Finlands Nationalgalleri",""
"kv1599","l0032200.jpg","A II 1517:15 / 14","","","","","","","Finlands Nationalgalleri",""
"kv1624","l0037700.jpg","A II 1517:16 / 42","","","","","","","Finlands Nationalgalleri",""
"kv1625","l0037800.jpg","A II 1517:16 / 40","","","","","","","Finlands Nationalgalleri",""
"kv1626","l0037900.jpg","A II 1517:16 / 38","","","","","","","Finlands Nationalgalleri",""
"kv1627","l0038000.jpg","A II 1517:16 / 36","","","","","","","Finlands Nationalgalleri",""
"kv1643","l0039600.jpg","A II 1517:16 / 93","","","","","","","Finlands Nationalgalleri",""
"kv1646","l0039900.jpg","A II 1517:16 / 39","","","","","","","Finlands Nationalgalleri",""
"kv1647","l0040000.jpg","A II 1517:16 / 41","","","","","","","Finlands Nationalgalleri",""
"kv1648","l0040100.jpg","A II 1517:16 / 43","","","","","","","Finlands Nationalgalleri",""
"kv1656","l0040900.jpg","A II 1517:16 / 7-8","","","","","","","Finlands Nationalgalleri",""
"kv1658","l0041100.jpg","A II 1517:16 / 15","","","","","","","Finlands Nationalgalleri",""
"kv1659","l0041200.jpg","A II 1517:16 / 21","","","","","","","Finlands Nationalgalleri",""
"kv1660","l0041300.jpg","A II 1517:16 / 37","","","","","","","Finlands Nationalgalleri",""
"kv1667","l0042100.jpg","A II 1517:15 / 53","","","","","","","Finlands Nationalgalleri",""
"kv1715","l0055300.jpg","A II 1517:13 / 22","","","vesiväri, lyijykynä","","","","Finlands Nationalgalleri",""
"kv1725","l0056400.jpg","A II 1517:13 / 44","","","lyijykynä","","","","Finlands Nationalgalleri",""
"kv1726","l0057200.jpg","A II 1517:13 / 42","","","lyijykynä","","","","Finlands Nationalgalleri",""
"kv1735","l0059700.jpg","A II 1517:13 / 66","","","lyijykynä","","","","Finlands Nationalgalleri",""
"kv1736","l0059800.jpg","A II 1517:13 / 64","","","lyijykynä","","","","Finlands Nationalgalleri",""
"kv1742","l0060800.jpg","A II 1517:13 / 50","","","lyijykynä","","","","Finlands Nationalgalleri",""
"kv1750","l0065300.jpg","A II 1517:13 / 67","","","mustaliitu","","","","Finlands Nationalgalleri",""
"kv1771","l0068200.jpg","A II 1517:13 / 51","","","lyijykynä","","","","Finlands Nationalgalleri",""
"kv1819","l0080400.jpg","A III 1870","MAISEMA; ranta; nuottakota; kivet; puut; Haikko; Nynäsin niemi; Uusimaa","öljy kankaalle, kiinnitetty levylle","öljy, kangas","22","34","","Finlands Nationalgalleri",""
"kv1828","l0123700.jpg","A II 1517:79 / 48","","","","","","","Finlands Nationalgalleri",""
"kv1829","l0123800.jpg","A II 1517:79 / 47","","","","","","","Finlands Nationalgalleri",""
"kv1830","l0123900.jpg","A II 1517:79 / 46","","","","","","","Finlands Nationalgalleri",""
"kv1831","l0124000.jpg","A II 1517:79 / 45","","","","","","","Finlands Nationalgalleri",""
"kv1832","l0124100.jpg","A II 1517:79 / 44","","","","","","","Finlands Nationalgalleri",""
"kv1833","l0124200.jpg","A II 1517:79 / 43","","","","","","","Finlands Nationalgalleri",""
"kv1834","l0124300.jpg","A II 1517:79 / 40","","","","","","","Finlands Nationalgalleri",""
"kv1836","l0124500.jpg","A II 1517:79 / 36","","","","","","","Finlands Nationalgalleri",""
"kv1837","l0124600.jpg","A II 1517:79 / 35","","","","","","","Finlands Nationalgalleri",""
"kv1838","l0124700.jpg","A II 1517:79 / 34","","","","","","","Finlands Nationalgalleri",""
"kv1839","l0124800.jpg","A II 1517:79 / 33","","","","","","","Finlands Nationalgalleri",""
"kv1840","l0124900.jpg","A II 1517:79 / 32","","","","","","","Finlands Nationalgalleri",""
"kv1841","l0125000.jpg","A II 1517:79 / 31","","","","","","","Finlands Nationalgalleri",""
"kv1842","l0125100.jpg","A II 1517:79 / 41-42","","","","","","","Finlands Nationalgalleri",""
"kv1843","l0125200.jpg","A II 1517:79 / 37-38","","","","","","","Finlands Nationalgalleri",""
"kv1844","l0125300.jpg","A II 1517:79 / 29-30","","","","","","","Finlands Nationalgalleri",""
"kv1845","l0125400.jpg","A II 1517:79 / 27-28","","","","","","","Finlands Nationalgalleri",""
"kv1846","l0125500.jpg","A II 1517:79 / 26","","","","","","","Finlands Nationalgalleri",""
"kv1847","l0125600.jpg","A II 1517:79 / 24","","","","","","","Finlands Nationalgalleri",""
"kv1848","l0125700.jpg","A II 1517:79 / 22","","","","","","","Finlands Nationalgalleri",""
"kv1849","l0125800.jpg","A II 1517:79 / 21","","","","","","","Finlands Nationalgalleri",""
"kv1850","l0125900.jpg","A II 1517:79 / 20","","","","","","","Finlands Nationalgalleri",""
"kv1851","l0126200.jpg","A II 1517:79 / 18","","","","","","","Finlands Nationalgalleri",""
"kv1852","l0126400.jpg","A II 1517:79 / 17","","","","","","","Finlands Nationalgalleri",""
"kv1853","l0126700.jpg","A II 1517:79 / 16","","","","","","","Finlands Nationalgalleri",""
"kv1854","l0127100.jpg","A II 1517:79 / 15","","","","","","","Finlands Nationalgalleri",""
"kv1855","l0127200.jpg","A II 1517:79 / 14","","","","","","","Finlands Nationalgalleri",""
"kv1860","l0128200.jpg","A II 1517:79 / 8","","","","","","","Finlands Nationalgalleri",""
"kv1861","l0128400.jpg","A II 1517:79 / 7","","","","","","","Finlands Nationalgalleri",""
"kv1862","l0128600.jpg","A II 1517:79 / 5-6","","","","","","","Finlands Nationalgalleri",""
"kv1863","l0128800.jpg","A II 1517:79 / 4","","","","","","","Finlands Nationalgalleri",""
"kv2512","l0238700.jpg","A II 1517:80 / 18","","","","","","","Finlands Nationalgalleri",""
"kv2567","l0245400.jpg","A II 1517:93 / 24","","","","","","","Finlands Nationalgalleri",""
"kv2577","l0246300.jpg","A II 1517:93 / 72","","","","","","","Finlands Nationalgalleri",""
"kv2686","l0263500.jpg","A II 1517:66 / 4","","","","","","","",""
"kv2688","l0263700.jpg","A II 1517:66 / 2","","","","","","","",""
"kv2693","l0264100.jpg","A II 1517:66 / 6","","","","","","","",""
"kv2698","l0264700.jpg","A II 1517:66 / 20","","","","","","","",""
"kv2725","l0267400.jpg","A II 1517:66 / 28","","","","","","","",""
"kv2727","l0267600.jpg","A II 1517:66 / 44","","","","","","","",""
"kv2728","l0267700.jpg","A II 1517:66 / 42","","","","","","","",""
"kv2729","l0267800.jpg","A II 1517:66 / 40","","","","","","","",""
"kv2731","l0268000.jpg","A II 1517:66 / 36","","","","","","","",""
"kv2732","l0268100.jpg","A II 1517:66 / 48","","","","","","","",""
"kv2736","l0268700.jpg","A II 1517:66 / 52","","","","","","","",""
"kv2744","l0269500.jpg","A II 1517:66 / 80","","","","","","","",""
"kv2748","l0269900.jpg","A II 1517:66 / 88","","","","","","","",""
"kv2750","l0270500.jpg","A II 1517:66 / 85","","","","","","","",""
"kv2752","l0270800.jpg","A II 1517:66 / 89","","","","","","","",""
"kv2753","l0270900.jpg","A II 1517:66 / 91","","","","","","","",""
"kv2756","l0271200.jpg","A II 1517:66 / 75","","","","","","","",""
"kv2758","l0271400.jpg","A II 1517:66 / 81","","","","","","","",""
"kv2759","l0271600.jpg","A II 1517:66 / 57","","","","","","","",""
"kv2763","l0272000.jpg","A II 1517:66 / 69","","","","","","","",""
"kv2768","l0272600.jpg","A II 1517:66 / 13","","","","","","","",""
"kv2771","l0273100.jpg","A II 1517:66 / 9","","","","","","","",""
"kv2778","l0274300.jpg","A II 1517:66 / 76","","","","","","","",""
"kv2889","l0288100.jpg","A II 1517:64 / 98","","","","","","","Finlands Nationalgalleri",""
"kv2977","l0299800.jpg","A II 1517:62 / 75","","","","","","","Finlands Nationalgalleri",""
"kv3970","l0410200.jpg","A II 1517:95 / 4","","","","","","","",""
"kv3971","l0410300.jpg","A II 1517:95 / 2","","","","","","","",""
"kv3972","l0410400.jpg","A II 1517:95 / 14","","","","","","","",""
"kv3973","l0410500.jpg","A II 1517:95 / 12","","","","","","","",""
"kv3974","l0410600.jpg","A II 1517:95 / 10","","","","","","","",""
"kv3975","l0410700.jpg","A II 1517:95 / 18","","","","","","","",""
"kv3978","l0411000.jpg","A II 1517:95 / 26","","","","","","","",""
"kv3979","l0411100.jpg","A II 1517:95 / 24","","","","","","","",""
"kv3981","l0411300.jpg","A II 1517:95 / 20","","","","","","","",""
"kv3983","l0411500.jpg","A II 1517:95 / 40","","","","","","","",""
"kv3985","l0411800.jpg","A II 1517:95 / 32","","","","","","","",""
"kv3986","l0411900.jpg","A II 1517:95 / 58","","","","","","","",""
"kv3987","l0412000.jpg","A II 1517:95 / 56","","","","","","","",""
"kv3989","l0412200.jpg","A II 1517:95 / 50","","","","","","","",""
"kv4039","l0418000.jpg","A II 1517:95 / 65","","","","","","","",""
"kv4040","l0418100.jpg","A II 1517:95 / 67","","","","","","","",""
"kv4044","l0418500.jpg","A II 1517:95 / 55","","","","","","","",""
"kv4045","l0418600.jpg","A II 1517:95 / 57","","","","","","","",""
"kv4046","l0418800.jpg","A II 1517:95 / 59","","","","","","","",""
"kv4050","l0419200.jpg","A II 1517:95 / 37","","","","","","","",""
"kv4053","l0419500.jpg","A II 1517:95 / 41","","","","","","","",""
"kv4056","l0419800.jpg","A II 1517:95 / 51","","","","","","","",""
"kv4057","l0419900.jpg","A II 1517:95 / 25","","","","","","","",""
"kv4060","l0420200.jpg","A II 1517:95 / 33","","","","","","","",""
"kv4062","l0420500.jpg","A II 1517:95 / 15","","","","","","","",""
"kv4063","l0420600.jpg","A II 1517:95 / 17","","","","","","","",""
"kv4064","l0420700.jpg","A II 1517:95 / 19","","","","","","","",""
"kv4065","l0420800.jpg","A II 1517:95 / 21","","","","","","","",""
"kv4070","l0421300.jpg","A II 1517:95 / 11","","","","","","","",""
"kv4071","l0421400.jpg","A II 1517:95 / 13","","","","","","","",""
"kv4076","l0422300.jpg","A III 1782 / 6","","","","","","","Finlands Nationalgalleri",""
"kv4077","l0422400.jpg","A III 1782 / 4","","","","","","","Finlands Nationalgalleri",""
"kv4156","l0432600.jpg","A III 1782 / 92","","","","","","","Finlands Nationalgalleri",""
"kv4190","l0496900.jpg","A II 1604 / 33","","","","","","","Finlands Nationalgalleri",""
"kv4195","l0497700.jpg","A II 1604 / 29","","","","","","","Finlands Nationalgalleri",""
"kv4196","l0497800.jpg","A II 1604 / 31","","","","","","","Finlands Nationalgalleri",""
"kv4203","l0498900.jpg","A II 1604 / 12","","","","","","","Finlands Nationalgalleri",""
"kv4219","m0012900.jpg","A II 1517:32 / 6","","","","","","","Finlands Nationalgalleri",""
"kv4220","m0013000.jpg","A II 1517:32 / 14","","","","","","","Finlands Nationalgalleri",""
"kv4221","m0013100.jpg","A II 1517:32 / 12","","","","","","","Finlands Nationalgalleri",""
"kv4222","m0013200.jpg","A II 1517:32 / 10","","","","","","","Finlands Nationalgalleri",""
"kv4223","m0013300.jpg","A II 1517:32 / 8","","","","","","","Finlands Nationalgalleri",""
"kv4233","m0015000.jpg","A II 1517:22 / 4","","","","","","","Finlands Nationalgalleri",""
"kv4234","m0015100.jpg","A II 1517:22 / 2","","","","","","","Finlands Nationalgalleri",""
"kv4238","m0015400.jpg","A II 1517:22 / 16","","","","","","","Finlands Nationalgalleri",""
"kv4240","m0015600.jpg","A II 1517:22 / 12","","","","","","","Finlands Nationalgalleri",""
"kv4241","m0015700.jpg","A II 1517:22 / 10","","","","","","","Finlands Nationalgalleri",""
"kv4250","m0016600.jpg","A II 1517:22 / 11","","","","","","","Finlands Nationalgalleri",""
"kv4253","m0016900.jpg","A II 1517:22 / 5","","","","","","","Finlands Nationalgalleri",""
"kv4256","m0017700.jpg","A II 1517:22 / 6","","","","","","","Finlands Nationalgalleri",""
"kv4259","m0018200.jpg","A II 1517:31 / 6","","","","","","","",""
"kv4261","m0018400.jpg","A II 1517:31 / 2","","","","","","","",""
"kv4264","m0018700.jpg","A II 1517:31 / 16","","","","","","","",""
"kv4265","m0018800.jpg","A II 1517:31 / 14","","","","","","","",""
"kv4267","m0019000.jpg","A II 1517:31 / 32","","","","","","","",""
"kv4268","m0019100.jpg","A II 1517:31 / 30","","","","","","","",""
"kv4269","m0019200.jpg","A II 1517:31 / 26","","","","","","","",""
"kv4270","m0019300.jpg","A II 1517:31 / 24","","","","","","","",""
"kv4271","m0019400.jpg","A II 1517:31 / 22","","","","","","","",""
"kv4272","m0019500.jpg","A II 1517:31 / 46","","","","","","","",""
"kv4275","m0019800.jpg","A II 1517:31 / 38","","","","","","","",""
"kv4282","m0020500.jpg","A II 1517:31 / 58","","","","","","","",""
"kv4283","m0020600.jpg","A II 1517:31 / 53","","","","","","","",""
"kv4285","m0021200.jpg","A II 1517:31 / 57","","","","","","","",""
"kv4286","m0021300.jpg","A II 1517:31 / 59","","","","","","","",""
"kv4287","m0021400.jpg","A II 1517:31 / 37","","","","","","","",""
"kv4288","m0021500.jpg","A II 1517:31 / 43","","","","","","","",""
"kv4289","m0021600.jpg","A II 1517:31 / 45","","","","","","","",""
"kv4292","m0021900.jpg","A II 1517:31 / 3","","","","","","","",""
"kv4294","m0022100.jpg","A II 1517:31 / 31","","","","","","","",""
"kv4295","m0022200.jpg","A II 1517:31 / 56","","","","","","","",""
"kv4297","m0022600.jpg","A II 1517:25 / 4","","","","","","","Finlands Nationalgalleri",""
"kv4305","m0023500.jpg","A II 1517:25 / 6","","","","","","","Finlands Nationalgalleri",""
"kv4322","m0025400.jpg","A II 1517:25 / 74","","","","","","","",""
"kv4341","m0027700.jpg","A II 1517:25 / 3","","","","","","","Finlands Nationalgalleri",""
"kv4343","m0028100.jpg","A II 1517:25 / 7","","","","","","","Finlands Nationalgalleri",""
"kv4346","m0028900.jpg","A II 1517:21 / 10","","","","","","","Finlands Nationalgalleri",""
"kv4347","m0029000.jpg","A II 1517:21 / 8","","","lyijykynä","","","","Finlands Nationalgalleri",""
"kv4348","m0029100.jpg","A II 1517:21 / 6","","","lyijykynä","","","","Finlands Nationalgalleri",""
"kv4349","m0029200.jpg","A II 1517:21 / 4","","","lyijykynä","","","","Finlands Nationalgalleri",""
"kv4353","m0029600.jpg","A II 1517:21 / 16","","","lyijykynä","","","","Finlands Nationalgalleri",""
"kv4354","m0029700.jpg","A II 1517:21 / 14","","","lyijykynä","","","","Finlands Nationalgalleri",""
"kv4356","m0029900.jpg","A II 1517:21 / 34","","","lyijykynä","","","","Finlands Nationalgalleri",""
"kv4357","m0030000.jpg","A II 1517:21 / 32","","","tussi","","","","Finlands Nationalgalleri",""
"kv4358","m0030200.jpg","A II 1517:21 / 30","","","lyijykynä ; tussi","","","","Finlands Nationalgalleri",""
"kv4359","m0030300.jpg","A II 1517:21 / 28","","","lyijykynä","","","","Finlands Nationalgalleri",""
"kv4361","m0030600.jpg","A II 1517:21 / 44","","","lyijykynä","","","","Finlands Nationalgalleri",""
"kv4362","m0030700.jpg","A II 1517:21 / 42","","","tussi ja lyijykynä","","","","Finlands Nationalgalleri",""
"kv4364","m0030900.jpg","A II 1517:21 / 40","","","lyijykynä ; tussi","","","","Finlands Nationalgalleri",""
"kv4367","m0031200.jpg","A II 1517:21 / 52","","","lyijykynä","","","","Finlands Nationalgalleri",""
"kv4370","m0031500.jpg","A II 1517:21 / 66","","","lyijykynä","","","","Finlands Nationalgalleri",""
"kv4382","m0033300.jpg","A II 1517:21 / 77","","","tussi","","","","Finlands Nationalgalleri",""
"kv4383","m0033400.jpg","A II 1517:21 / 81","","","","","","","Finlands Nationalgalleri",""
"kv4390","m0034100.jpg","A II 1517:21 / 67","","","lyijykynä","","","","Finlands Nationalgalleri",""
"kv4393","m0034700.jpg","A II 1517:21 / 31","","","lyijykynä ; tussi","","","","Finlands Nationalgalleri",""
"kv4394","m0034800.jpg","A II 1517:21 / 33","","","lyijykynä","","","","Finlands Nationalgalleri",""
"kv4395","m0034900.jpg","A II 1517:21 / 35","","","lyijykynä","","","","Finlands Nationalgalleri",""
"kv4594","m0055000.jpg","A II 1517:98 / 99","","","","","","","",""
"kv4595","m0055001.jpg","A II 1517:98 / 99","","","","","","","",""
"kv4621","m0057400.jpg","A II 1517:98 / 3","","","","","","","",""
"kv4753","m0071100.jpg","A II 1517:111 / 2","","","","","","","Finlands Nationalgalleri",""
"kv4754","m0071300.jpg","A II 1517:111 / 20","","","","","","","Finlands Nationalgalleri",""
"kv4755","m0071400.jpg","A II 1517:111 / 18","","","","","","","Finlands Nationalgalleri",""
"kv4850","m0081400.jpg","A II 1517:107 / 106","","","","","","","Finlands Nationalgalleri",""
"kv4876","m0085200.jpg","A II 1517:107 / 105","","","","","","","Finlands Nationalgalleri",""
"kv4880","m0085700.jpg","A II 1517:107 / 77","","","","","","","Finlands Nationalgalleri",""
"kv4899","m0087700.jpg","A II 1517:101 / 2","","","","","","","Finlands Nationalgalleri",""
"kv4900","m0087800.jpg","A II 1517:101 / 6","","","","","","","Finlands Nationalgalleri",""
"kv4901","m0087900.jpg","A II 1517:101 / 14","","","","","","","Finlands Nationalgalleri",""
"kv4903","m0088100.jpg","A II 1517:101 / 10","","","","","","","Finlands Nationalgalleri",""
"kv4904","m0088200.jpg","A II 1517:101 / 8","","","","","","","Finlands Nationalgalleri",""
"kv4907","m0088600.jpg","A II 1517:101 / 20","","","","","","","Finlands Nationalgalleri",""
"kv4909","m0088900.jpg","A II 1517:101 / 34","","","","","","","Finlands Nationalgalleri",""
"kv4912","m0089200.jpg","A II 1517:101 / 30","","","","","","","Finlands Nationalgalleri",""
"kv4913","m0089300.jpg","A II 1517:101 / 46","","","","","","","Finlands Nationalgalleri",""
"kv4914","m0089400.jpg","A II 1517:101 / 44","","","","","","","Finlands Nationalgalleri",""
"kv4915","m0089500.jpg","A II 1517:101 / 42","","","","","","","Finlands Nationalgalleri",""
"kv4918","m0089900.jpg","A II 1517:101 / 60","","","","","","","Finlands Nationalgalleri",""
"kv4919","m0090000.jpg","A II 1517:101 / 58","","","","","","","Finlands Nationalgalleri",""
"kv4920","m0090100.jpg","A II 1517:101 / 54","","","","","","","Finlands Nationalgalleri",""
"kv4921","m0090200.jpg","A II 1517:101 / 52","","","","","","","Finlands Nationalgalleri",""
"kv4922","m0090300.jpg","A II 1517:101 / 48","","","","","","","Finlands Nationalgalleri",""
"kv4924","m0090500.jpg","A II 1517:101 / 74","","","","","","","Finlands Nationalgalleri",""
"kv4925","m0090600.jpg","A II 1517:101 / 72","","","","","","","Finlands Nationalgalleri",""
"kv4926","m0090700.jpg","A II 1517:101 / 70","","","","","","","Finlands Nationalgalleri",""
"kv4927","m0090800.jpg","A II 1517:101 / 68","","","","","","","Finlands Nationalgalleri",""
"kv4928","m0091000.jpg","A II 1517:101 / 82","","","","","","","Finlands Nationalgalleri",""
"kv4929","m0091100.jpg","A II 1517:101 / 80","","","","","","","Finlands Nationalgalleri",""
"kv4930","m0091200.jpg","A II 1517:101 / 78","","","","","","","Finlands Nationalgalleri",""
"kv4931","m0091300.jpg","A II 1517:101 / 76","","","","","","","Finlands Nationalgalleri",""
"kv4932","m0091400.jpg","A II 1517:101 / 92","","","","","","","Finlands Nationalgalleri",""
"kv4933","m0091600.jpg","A II 1517:101 / 88","","","","","","","Finlands Nationalgalleri",""
"kv4934","m0091700.jpg","A II 1517:101 / 90","","","","","","","",""
"kv4935","m0091800.jpg","A II 1517:101 / 86","","","","","","","Finlands Nationalgalleri",""
"kv4936","m0091900.jpg","A II 1517:101 / 84","","","","","","","Finlands Nationalgalleri",""
"kv4937","m0092000.jpg","A II 1517:101 / 102","","","","","","","Finlands Nationalgalleri",""
"kv4938","m0092100.jpg","A II 1517:101 / 100","","","","","","","Finlands Nationalgalleri",""
"kv4939","m0092200.jpg","A II 1517:101 / 98","","","","","","","Finlands Nationalgalleri",""
"kv4940","m0092300.jpg","A II 1517:101 / 96","","","","","","","Finlands Nationalgalleri",""
"kv4941","m0092400.jpg","A II 1517:101 / 94","","","","","","","",""
"kv4942","m0092600.jpg","A II 1517:101 / 110","","","","","","","Finlands Nationalgalleri",""
"kv4943","m0092700.jpg","A II 1517:101 / 108","","","","","","","Finlands Nationalgalleri",""
"kv4944","m0092800.jpg","A II 1517:101 / 106","","","","","","","Finlands Nationalgalleri",""
"kv4946","m0093000.jpg","A II 1517:101 / 116","","","","","","","Finlands Nationalgalleri",""
"kv4947","m0093100.jpg","A II 1517:101 / 114","","","","","","","Finlands Nationalgalleri",""
"kv4948","m0093200.jpg","A II 1517:101 / 112","","","","","","","Finlands Nationalgalleri",""
"kv4949","m0093300.jpg","A II 1517:101 / 115","","","","","","","Finlands Nationalgalleri",""
"kv4950","m0093500.jpg","A II 1517:101 / 117","","","","","","","Finlands Nationalgalleri",""
"kv4952","m0093700.jpg","A II 1517:101 / 105","","","","","","","Finlands Nationalgalleri",""
"kv4953","m0093800.jpg","A II 1517:101 / 107","","","","","","","Finlands Nationalgalleri",""
"kv4954","m0093900.jpg","A II 1517:101 / 109","","","","","","","Finlands Nationalgalleri",""
"kv4955","m0094000.jpg","A II 1517:101 / 111","","","","","","","Finlands Nationalgalleri",""
"kv4956","m0094100.jpg","A II 1517:101 / 113","","","","","","","Finlands Nationalgalleri",""
"kv4957","m0094200.jpg","A II 1517:101 / 85","","","","","","","Finlands Nationalgalleri",""
"kv4958","m0094300.jpg","A II 1517:101 / 87","","","","","","","Finlands Nationalgalleri",""
"kv4959","m0094400.jpg","A II 1517:101 / 89","","","","","","","",""
"kv4960","m0094500.jpg","A II 1517:101 / 91","","","","","","","",""
"kv4961","m0094600.jpg","A II 1517:101 / 93","","","","","","","Finlands Nationalgalleri",""
"kv4963","m0094800.jpg","A II 1517:101 / 79","","","","","","","Finlands Nationalgalleri",""
"kv4964","m0094900.jpg","A II 1517:101 / 81","","","","","","","Finlands Nationalgalleri",""
"kv4965","m0095000.jpg","A II 1517:101 / 83","","","","","","","Finlands Nationalgalleri",""
"kv4966","m0095300.jpg","A II 1517:101 / 101","","","","","","","Finlands Nationalgalleri",""
"kv4967","m0095500.jpg","A II 1517:101 / 99","","","","","","","Finlands Nationalgalleri",""
"kv4968","m0095600.jpg","A II 1517:101 / 97","","","","","","","Finlands Nationalgalleri",""
"kv4969","m0095800.jpg","A II 1517:101 / 95","","","","","","","Finlands Nationalgalleri",""
"kv4970","m0096000.jpg","A II 1517:101 / 7","","","","","","","Finlands Nationalgalleri",""
"kv4971","m0096200.jpg","A II 1517:101 / 5","","","","","","","Finlands Nationalgalleri",""
"kv4974","m0096800.jpg","A II 1517:101 / 15","","","","","","","Finlands Nationalgalleri",""
"kv4975","m0096900.jpg","A II 1517:101 / 13","","","","","","","Finlands Nationalgalleri",""
"kv4976","m0097100.jpg","A II 1517:101 / 9","","","","","","","Finlands Nationalgalleri",""
"kv4980","m0097700.jpg","A II 1517:101 / 19","","","","","","","",""
"kv4981","m0097900.jpg","A II 1517:101 / 21","","","","","","","",""
"kv4982","m0098000.jpg","A II 1517:101 / 103","","","","","","","Finlands Nationalgalleri",""
"kv4987","m0098800.jpg","A II 1517:101 / 29","","","","","","","Finlands Nationalgalleri",""
"kv4988","m0098900.jpg","A II 1517:101 / 47","","","","","","","Finlands Nationalgalleri",""
"kv4990","m0099200.jpg","A II 1517:101 / 43","","","","","","","Finlands Nationalgalleri",""
"kv4992","m0099400.jpg","A II 1517:101 / 39","","","","","","","Finlands Nationalgalleri",""
"kv4993","m0099500.jpg","A II 1517:101 / 61","","","","","","","Finlands Nationalgalleri",""
"kv4994","m0099600.jpg","A II 1517:101 / 59","","","","","","","Finlands Nationalgalleri",""
"kv4995","m0099700.jpg","A II 1517:101 / 51","","","","","","","Finlands Nationalgalleri",""
"kv4996","m0099800.jpg","A II 1517:101 / 49","","","","","","","Finlands Nationalgalleri",""
"kv4997","m0099900.jpg","A II 1517:101 / 75","","","","","","","Finlands Nationalgalleri",""
"kv4998","m0100100.jpg","A II 1517:101 / 71","","","","","","","Finlands Nationalgalleri",""
"kv4999","m0100200.jpg","A II 1517:101 / 69","","","","","","","Finlands Nationalgalleri",""
"kv5000","m0100300.jpg","A II 1517:101 / 62","","","","","","","Finlands Nationalgalleri",""
"kv5001","m0100400.jpg","A II 1517:101 / 67","","","","","","","Finlands Nationalgalleri",""
"kv5009","m0101200.jpg","A II 1517:100 / 18","","","","","","","Finlands Nationalgalleri",""
"kv5010","m0101300.jpg","A II 1517:100 / 16","","","","","","","Finlands Nationalgalleri",""
"kv5011","m0101400.jpg","A II 1517:100 / 14","","","","","","","Finlands Nationalgalleri",""
"kv5012","m0101500.jpg","A II 1517:100 / 12","","","","","","","Finlands Nationalgalleri",""
"kv5017","m0101900.jpg","A II 1517:100 / 22","","","","","","","Finlands Nationalgalleri",""
"kv5024","m0102500.jpg","A II 1517:100 / 41+42+44","","","","","","","",""
"kv5027","m0102700.jpg","A II 1517:100 / 54","","","","","","","Finlands Nationalgalleri",""
"kv5029","m0103000.jpg","A II 1517:100 / 46","","","","","","","Finlands Nationalgalleri",""
"kv5296","m0132600.jpg","A II 1517:39 / 30","","","lyijykynä","","","","Finlands Nationalgalleri",""
"kv5298","m0132800.jpg","A II 1517:39 / 31","","","lyijykynä, tussi","","","","Finlands Nationalgalleri",""
"kv5299","m0132900.jpg","A II 1517:39 / 32","","","lyijykynä","","","","Finlands Nationalgalleri",""
"kv5300","m0133000.jpg","A II 1517:39 / 33","","","lyijykynä","","","","Finlands Nationalgalleri",""
"kv5302","m0133200.jpg","A II 1517:39 / 34","","","lyijykynä","","","","Finlands Nationalgalleri",""
"kv5303","m0133300.jpg","A II 1517:39 / 35","","","lyijykynä, tussi","","","","Finlands Nationalgalleri",""
"kv5305","m0133500.jpg","A II 1517:39 / 36","","","lyijykynä, tussi","","","","Finlands Nationalgalleri",""
"kv5306","m0133600.jpg","A II 1517:39 / 37","","","vesiväri, lyijykynä","","","","Finlands Nationalgalleri",""
"kv5312","m0134300.jpg","A II 1517:39 / 43","","","mustaliitu","","","","Finlands Nationalgalleri",""
"kv5313","m0134400.jpg","A II 1517:39 / 44","","","pastelli, tussi","","","","",""
"kv5330","m0136100.jpg","A II 1517:39 / 67","","","mustaliitu, lyijykynä","","","","Finlands Nationalgalleri",""
"kv5331","m0136300.jpg","A II 1517:39 / 68","","","lyijykynä, mustaliitu, tussi","","","","Finlands Nationalgalleri",""
"kv5332","m0136400.jpg","A II 1517:39 / 69","","","lyijykynä, mustaliitu","","","","Finlands Nationalgalleri",""
"kv5333","m0136500.jpg","A II 1517:39 / 70","","","lyijykynä, mustaliitu","","","","Finlands Nationalgalleri",""
"kv5334","m0136600.jpg","A II 1517:39 / 71","","","lyijykynä, tussi","","","","Finlands Nationalgalleri",""
"kv5570","m0173200.jpg","A II 1517:38 / 40","","","vesiväri","","","","Finlands Nationalgalleri",""
"kv5624","m0180000.jpg","A II 1517:38 / 156","","","lyijykynä","","","","Finlands Nationalgalleri",""
"kv5626","m0180200.jpg","A II 1517:38 / 154","","","lyijykynä","","","","Finlands Nationalgalleri",""
"kv5630","m0180800.jpg","A II 1517:38 / 166","","","lyijykynä","","","","Finlands Nationalgalleri",""
"kv5839","m0205500.jpg","A II 1517:33 / 69","","","","","","","Finlands Nationalgalleri",""
"kv5847","m0206600.jpg","A II 1517:38 / 155","","","lyijykynä","","","","Finlands Nationalgalleri",""
"kv5851","m0207300.jpg","A II 1517:48 / 18","","","lyijykynä","","","","Finlands Nationalgalleri",""
"kv5857","m0208000.jpg","A II 1517:48 / 24","","","lyijykynä","","","","Finlands Nationalgalleri",""
"kv5858","m0208200.jpg","A II 1517:48 / 20","","","lyijykynä","","","","Finlands Nationalgalleri",""
"kv5865","m0209100.jpg","A II 1517:48 / 46","","","lyijykynä","","","","Finlands Nationalgalleri",""
"kv5866","m0209200.jpg","A II 1517:48 / 44","","","lyijykynä","","","","Finlands Nationalgalleri",""
"kv5867","m0209300.jpg","A II 1517:48 / 40","","","lyijykynä","","","","Finlands Nationalgalleri",""
"kv5868","m0209400.jpg","A II 1517:48 / 42","","","lyijykynä","","","","Finlands Nationalgalleri",""
"kv5875","m0210100.jpg","A II 1517:48 / 56","","","lyijykynä","","","","Finlands Nationalgalleri",""
"kv5880","m0210600.jpg","A II 1517:48 / 68","","","lyijykynä","","","","Finlands Nationalgalleri",""
"kv5882","m0210800.jpg","A II 1517:48 / 80","","","lyijykynä","","","","Finlands Nationalgalleri",""
"kv5929","m0216200.jpg","A II 1517:42 / 64","","","lyijykynä","","","","Finlands Nationalgalleri",""
"kv5941","m0217400.jpg","A II 1517:48 / 99","","","lyijykynä","","","","Finlands Nationalgalleri",""
"kv5947","m0218100.jpg","A II 1517:48 / 71","","","lyijykynä","","","","Finlands Nationalgalleri",""
"kv5948","m0218300.jpg","A II 1517:48 / 75","","","lyijykynä","","","","Finlands Nationalgalleri",""
"kv5950","m0218500.jpg","A II 1517:48 / 81","","","lyijykynä","","","","Finlands Nationalgalleri",""
"kv5951","m0218600.jpg","A II 1517:48 / 83","","","lyijykynä","","","","Finlands Nationalgalleri",""
"kv5952","m0218700.jpg","A II 1517:48 / 65","","","lyijykynä","","","","Finlands Nationalgalleri",""
"kv5953","m0218800.jpg","A II 1517:48 / 67","","","lyijykynä","","","","Finlands Nationalgalleri",""
"kv5954","m0218900.jpg","A II 1517:48 / 69","","","lyijykynä","","","","Finlands Nationalgalleri",""
"kv5956","m0219100.jpg","A II 1517:48 / 43","","","lyijykynä","","","","Finlands Nationalgalleri",""
"kv5965","m0220100.jpg","A II 1517:48 / 11","","","tussi","","","","Finlands Nationalgalleri",""
"kv5978","m0221500.jpg","A II 1517:43 / 16","","","tussi","","","","Finlands Nationalgalleri",""
"kv5995","m0223200.jpg","A II 1517:43 / 75","","","muste","","","","Finlands Nationalgalleri",""
"kv5996","m0223300.jpg","A II 1517:43 / 76","","","muste","","","","Finlands Nationalgalleri",""
"kv5998","m0223500.jpg","A II 1517:43 / 79","","","lyijykynä","","","","Finlands Nationalgalleri",""
"kv6007","m0224500.jpg","A II 1517:44 / 5-6","","","","","","","Finlands Nationalgalleri",""
"kv6008","m0224501.jpg","A II 1517:44 / 5-6","","","","","","","Finlands Nationalgalleri",""
"kv6009","m0224600.jpg","A II 1517:44 / 4","","","","","","","Finlands Nationalgalleri",""
"kv6014","m0224900.jpg","A II 1517:44 / 22","","","","","","","Finlands Nationalgalleri",""
"kv6015","m0225000.jpg","A II 1517:44 / 18","","","","","","","Finlands Nationalgalleri",""
"kv6016","m0225100.jpg","A II 1517:44 / 16","","","","","","","Finlands Nationalgalleri",""
"kv6017","m0225200.jpg","A II 1517:44 / 12","","","","","","","Finlands Nationalgalleri",""
"kv6018","m0225500.jpg","A II 1517:44 / 40","","","","","","","Finlands Nationalgalleri",""
"kv6020","m0225700.jpg","A II 1517:44 / 30","","","","","","","Finlands Nationalgalleri",""
"kv6021","m0225800.jpg","A II 1517:44 / 27-28","","","","","","","Finlands Nationalgalleri",""
"kv6022","m0225801.jpg","A II 1517:44 / 27-28","","","","","","","Finlands Nationalgalleri",""
"kv6024","m0226000.jpg","A II 1517:44 / 44","","","","","","","Finlands Nationalgalleri",""
"kv6026","m0226300.jpg","A II 1517:44 / 38","","","","","","","Finlands Nationalgalleri",""
"kv6032","m0227100.jpg","A II 1517:44 / 9","","","","","","","Finlands Nationalgalleri",""
"kv6033","m0227200.jpg","A II 1517:44 / 17","","","","","","","Finlands Nationalgalleri",""
"kv6045","m0228800.jpg","A II 1517:46 / 12","","","lyijykynä","","","","Finlands Nationalgalleri",""
"kv6070","m0231500.jpg","A II 1517:46 / 97","","","lyijykynä","","","","Finlands Nationalgalleri",""
"kv6072","m0231800.jpg","A II 1517:46 / 93","","","lyijykynä","","","","Finlands Nationalgalleri",""
"kv6082","m0233000.jpg","A II 1517:46 / 73","","","lyijykynä","","","","",""
"kv6083","m0233100.jpg","A II 1517:46 / 75","","","lyijykynä","","","","Finlands Nationalgalleri",""
"kv6123","m0237200.jpg","A II 1517:45 / 38","","","lyijykynä","","","","Finlands Nationalgalleri",""
"kv6148","m0240500.jpg","A II 1517:45 / 31","","","lyijykynä","","","","Finlands Nationalgalleri",""
"kv6205","m0461700.jpg","A II 1517:57 / 4","","","","","","","Finlands Nationalgalleri",""
"kv6207","m0462100.jpg","A II 1517:57 / 6","","","","","","","Finlands Nationalgalleri",""
"kv6208","m0462200.jpg","A II 1517:57 / 7","","","","","","","Finlands Nationalgalleri",""
"kv6216","m0463000.jpg","A II 1517:57 / 8","","","","","","","Finlands Nationalgalleri",""
"kv6227","m0463900.jpg","A II 1517:57 / 18","","","","","","","Finlands Nationalgalleri",""
"kv6230","m0464200.jpg","A II 1517:57 / 22","","","","","","","Finlands Nationalgalleri",""
"kv6253","m0466300.jpg","A II 1517:57 / 53","","","","","","","Finlands Nationalgalleri",""
"kv6255","m0466500.jpg","A II 1517:57 / 55","","","","","","","Finlands Nationalgalleri",""
"kv6256","m0466600.jpg","A II 1517:57 / 56","","","","","","","Finlands Nationalgalleri",""
"kv6261","m0467100.jpg","A II 1517:57 / 63","","","","","","","Finlands Nationalgalleri",""
"kv6262","m0467200.jpg","A II 1517:57 / 64","","","","","","","Finlands Nationalgalleri",""
"kv6264","m0467400.jpg","A II 1517:57 / 65","","","","","","","Finlands Nationalgalleri",""
"kv6265","m0467500.jpg","A II 1517:57 / 66","","","","","","","Finlands Nationalgalleri",""
"kv6273","m0468300.jpg","A II 1517:61 / 32","","","","","","","Finlands Nationalgalleri",""
"kv6291","m0471600.jpg","A II 1517:61 / 31","","","","","","","Finlands Nationalgalleri",""
"kv6458","m0525100.jpg","A II 1517:55 / 10","","","","","","","Finlands Nationalgalleri",""
"kv6480","m0527400.jpg","A II 1517:55 / 60","","","","","","","Finlands Nationalgalleri",""
"kv6520","m0547700.jpg","A II 1517:55 / 73","","","","","","","Finlands Nationalgalleri",""
"kv6523","m0548000.jpg","A II 1517:55 / 59","","","","","","","Finlands Nationalgalleri",""
"kv6532","o0004900.jpg","A II 1513","KOHTAUS ; äiti ja lapsi  lapsenhoito ; sylissäpito ; INTERIÖÖRI ; talonpoikaisrakennus ; tupa ; uusimaalainen ; kehto ; tuol i ; ikkuna ; orret ; leivät ; hylly ; vuode ; sohva ; riippuva nuttu","öljy kankaalle, kiinnitetty pahville","öljy, kangas","32","34","","Finlands Nationalgalleri","735"
"kv6536","o0021100.jpg","A-2012-100","","viivasyövytys ja kuivaneula","paperi","","","","Finlands Nationalgalleri",""
"kv6540","o0058800.jpg","A III 1962","ASETELMA; vesilasi; kasvi ; kukka ; kukkakimppu; pioni; ruusut; akileijat","öljy kankaalle","öljy, kangas","27","25","","Finlands Nationalgalleri","733"
"kv6639","o0163500.jpg","A-2011-163","","pastelli paperille, kiinnitetty kankaalle","pastelli, paperi","149","87","","Finlands Nationalgalleri","463"
"kv6641","tunn040823jn001.jpg","A III 1972","ASETELMA; pöydän kansi; aseet; ratsupistooli; tikari; (kaukaasialainen tikari); revolveri; piippu","öljy kankaalle","öljy, kangas","39","49","","Finlands Nationalgalleri","736"
"kv6644","tunn050104np003.jpg","A II 1327","MUOTOKUVA ; nainen ; vanhus ; tuntematon ; istuva ; polvikuva ; rokokoo-tuoli","lyijykynä","lyijykynä, paperi","23","29","","",""
"kv6695","tunn050111np013.jpg","A III 2028:301","","lyijykynä","lyijykynä, paperi","39","23","","Finlands Nationalgalleri",""
"kv6700","tunn050112np011.jpg","A III 2028:329","","hiili","hiili, paperi","49","32","","",""
"kv6702","tunn050112np013.jpg","A III 2028:331","","lyijykynä","lyijykynä, paperi","36","23","","Finlands Nationalgalleri",""
"kv6705","tunn050819np001.jpg","C I B I 4","","heliogravyyri (tekniikka)","","35","28","","Finlands Nationalgalleri",""
"kv6711","tunn050912np008.jpg","A II 1308","MUOTOKUVA; mies; Ville Vallgren; kuvanveistäjä; puolivartalo; työaihe; muovailu","hiili","hiili, paperi","48","31","","Finlands Nationalgalleri",""
"kv6717","tunn060321ap008.jpg","A III 1983","INTERIÖÖRI; talonpoikaisrakennus; tupa; liesi; pata; pullo; penkki; puuämpäri; uusimaalainen","öljy kankaalle","öljy, kangas","32","39","","Finlands Nationalgalleri","734"
"kv6718","tunn061110ap004.jpg","A I 215 A","FIGUURI; mies; malli; puolivartalo; seisova; profiili; paljas yläruumis; parta","öljy paperille, kiinnitetty kankaalle","öljy, paperi","89","72","","","103"
"kv6719","tunn061110ap005.jpg","A II 1049","FIGUURI; mies; malli; alaston; polvikuva; istuva; lanneverho; miekka; veri","öljy paperille, vuorattu kankaalla","öljy, paperi","89","72","","","102"
"kv6730","x0055920.jpg","A II 1517:10","","","","23","30","","Finlands Nationalgalleri",""
"kv6731","x0055924.jpg","A II 1517:10","","","","23","30","","Finlands Nationalgalleri",""
"kv6732","x0055927.jpg","A II 1517:10","","","","23","30","","Finlands Nationalgalleri",""
"kv6734","x0058900.jpg","A II 1517:26","","","lyijykynä, tussi, paperi","24","32","","Finlands Nationalgalleri",""
"kv6736","x0058925.jpg","A II 1517:26","","","lyijykynä, tussi, paperi","24","32","","Finlands Nationalgalleri",""
"kv6737","x0058936.jpg","A II 1517:26","","","lyijykynä, tussi, paperi","24","32","","Finlands Nationalgalleri",""
"kv6744","x0083100.jpg","A II 1635","","lyijykynä","lyijykynä, paperi","31","20","","Finlands Nationalgalleri",""
"kv6746","x0196700.jpg","A III 2020","","seepialaveeraus","seepia, paperi","20","34","","Finlands Nationalgalleri",""
"kv6757","x0206800.jpg","A III 2023:7","","seepialaveeraus","seepia, paperi","37","49","","",""
"kv6759","x0229700.jpg","A III 2028:300","","hiili","hiili, paperi","31","47","","Finlands Nationalgalleri",""
"kv6760","x0230900.jpg","A III 2028:311","","lyijykynä","lyijykynä, paperi","24","39","","Finlands Nationalgalleri",""
"kv6761","x0230901.jpg","A III 2028:311","","lyijykynä","lyijykynä, paperi","24","39","","Finlands Nationalgalleri",""
"kv6763","x0232500.jpg","A III 2028:326","MUOTOKUVA, mies, taiteilija, Pietro Krohn, tanskalainen, rintakuva, tyynyyn nojaava","tussi","tussi, paperi","20","25","","",""
"kv6776","e0062100.jpg","","","","","","","","Privatsamling. © Finlands Nationalgalleri, Hannu Karjalainen","18"
